,Tubelabel_species,X,Date_Extracted,Raw_ng_ul,Date_Enriched,Microbe_Location,Month_year,colony,CollectionDate,Species,Health_status,Sample_physical_location,Extraction_physical_location,immune_y.n,Condition,Date_16S,Date_ITS2,Seq_run,Transect
118,052022_BEL_CBC_T1_2_SSID,104,12_2_2024,7.73,,,052022,1_3,5/21/22,SSID,Diseased_Tissue,UML_NARWHAL_R1_B3,"UML_NARWHAL_R2_B14, UML_NARWHAL_R2_B33",y,Diseased,1_22_2025,6_26_2025,1,CBC30N
286,092023_BEL_CBC_T1_175_PAST,232,1_15_2025,2.3,,,092023,1_13,9/25/23,PAST,Healthy,UML_NARWHAL_R1_B10,UML_NARWHAL_R2_B12,y,Healthy,1_22_2025,6_26_2025,1,CBC30N
59,022024_BEL_CBC_T3_851_PSTR,59,11_26_2024,64.2,,,022024,3_70,2/24/24,PSTR,Healthy,UML_NARWHAL_R5_B23,UML_NARWHAL_R2_B13,y,Healthy,1_23_2025,6_26_2025,1,Lagoon
280,082024_BEL_CBC_T4_1609_OFAV,225,1_15_2025,61.2,,,082024,4_78,8/22/24,OFAV,Healthy,UML_NARWHAL_R5_B27,UML_NARWHAL_R2_B15,y,Healthy,1_23_2025,6_26_2025,1,Curlew
469,122023_BEL_CBC_T3_526_SSID,360,11_19_2024,16.4,,,122023,3_5,12/16/23,SSID,Healthy,UML_NARWHAL_R5_B19,UML_NARWHAL_R2_B13,y,Healthy,1_23_2025,6_26_2025,1,Lagoon
376,112023_BEL_CBC_T4_399_MCAV,300,11_15_2024,13.9,,,112023,4_76,11/13/23,MCAV,Bleached_Tissue,UML_NARWHAL_R5_B19,UML_NARWHAL_R2_B12,y,CLP,1_23_2025,6_26_2025,1,Curlew
368,112023_BEL_CBC_T3_355_PSTR,292,11_15_2024,1.27,,,112023,3_70,11/13/23,PSTR,Bleached_Tissue,UML_NARWHAL_R5_B19,UML_NARWHAL_R2_B12,y,"CLP,CLB",1_23_2025,6_26_2025,1,Lagoon
265,082024_BEL_CBC_T3_1554_OANN,210,1_15_2025,199.6,,,082024,3_38,8/24/24,OANN,Healthy,UML_NARWHAL_R5_B27,UML_NARWHAL_R2_B15,y,Healthy,1_23_2025,6_27_2025,1,Lagoon
81,042024_BEL_CBC_T2_1018_PAST,77,12_2_2024,25.9,,,042024,2_57,4/26/24,PAST,Healthy,UML_NARWHAL_R5_B24,UML_NARWHAL_R2_B14,y,Healthy,1_23_2025,6_27_2025,1,SR30N
151,052022_BEL_CBC_T3_11_PAST,122,8_19_2024,8.57,9_28_2024,UML_NARWHAL_R6_B30,052022,3_6,5/20/22,PAST,Healthy,UML_NARWHAL_R1_B3,"UML_NARWHAL_R2_B29, UML_NARWHAL_R2_B34",y,Healthy,2_24_2025,6_27_2025,1,Lagoon
175,062019_BEL_CBC_T1_22_MCAV,135,11_26_2024; 2022,34.2; 6.67,11_5_2024 (from 2022 extract),UML_NARWHAL_R6_B27,062019,1_24,6/24/19,MCAV,Healthy,UML_NARWHAL_R1_B1,UML_NARWHAL_R2_B33,y,Healthy,2_24_2025,6_27_2025,1,CBC30N
147,052022_BEL_CBC_T2_71_OFAV,119,10_3_2023,98.8,10_16_2023,UML_NARWHAL_R6_B1,052022,2_79,5/24/22,OFAV,Healthy,UML_NARWHAL_R1_B8,UML_NARWHAL_R2_B3,y,Healthy,2_24_2025,6_27_2025,1,SR30N
168,052022_BEL_CBC_T3_8_PAST,131,2022,4.032,11_6_2024,UML_NARWHAL_R6_B27,052022,3_10,5/20/22,PAST,Healthy,Depleted_UML_NARWHAL_R1_B3,UML_NARWHAL_R2_B32,y,Healthy,2_24_2025,6_27_2025,1,Lagoon
419,122022_BEL_CBC_T3_123_PAST,324,9_11_2024,2.67,10_16_2024,UML_NARWHAL_R6_B27,122022,3_10,12/3/22,PAST,Healthy,UML_NARWHAL_R1_B5,UML_NARWHAL_R2_B29,y,Healthy,2_24_2025,6_27_2025,1,Lagoon
337,102019_BEL_CBC_T1_29_PSTR,265,5_30_2023,3.2,10_17_2023,UML_NARWHAL_R2_B1,102019,1_12,10/15/19,PSTR,Healthy,Depleted__UML_NARWHAL_R1_B2," UML_NARWHAL_R2_B35, UML_NARWHAL_R2_B3",y,Healthy,2_24_2025,6_30_2025,1,CBC30N
149,052022_BEL_CBC_T2_9_PAST,120,9_11_2024,4.32,9_28_2024,UML_NARWHAL_R6_B30,052022,2_63,5/22/22,PAST,Healthy,UML_NARWHAL_R1_B8,UML_NARWHAL_R2_B29,y,Healthy,2_24_2025,6_30_2025,1,SR30N
346,112023_BEL_CBC_T1_276_MCAV,270,11_13_2024,11.1,,,112023,1_24,11/14/23,MCAV,Bleached_Tissue,UML_NARWHAL_R5_B19,UML_NARWHAL_R2_B12,y,CLP,2_25_2025,6_30_2025,1,CBC30N
474,122023_BEL_CBC_T3_531_PSTR,365,11_19_2024,16.8,,,122023,3_70,12/16/23,PSTR,Bleached_Tissue,UML_NARWHAL_R5_B19,UML_NARWHAL_R2_B13,y,"CLP,CLB",2_25_2025,6_30_2025,1,Lagoon
460,122023_BEL_CBC_T2_518_MCAV,351,11_18_2024,18.8,,,122023,2_55,12/15/23,MCAV,Bleached_Tissue,UML_NARWHAL_R5_B19,UML_NARWHAL_R2_B13,y,"CLP,CLB",2_25_2025,6_30_2025,1,SR30N
277,082024_BEL_CBC_T4_1606_PSTR,222,1_15_2025,32.4,,,082024,4_98,8/22/24,PSTR,Bleached_Tissue,UML_NARWHAL_R5_B27,UML_NARWHAL_R2_B15,y,CLP,2_25_2025,6_30_2025,1,Curlew
468,122023_BEL_CBC_T3_525_PAST,359,11_19_2024,2.54,,,122023,3_6,12/16/23,PAST,Bleached_Tissue,UML_NARWHAL_R5_B19,UML_NARWHAL_R2_B13,y,CLB,2_25_2025,6_30_2025,1,Lagoon
273,082024_BEL_CBC_T3_1562_OFAV,218,1_15_2025,76,,,082024,3_39,8/24/24,OFAV,Healthy,UML_NARWHAL_R5_B27,UML_NARWHAL_R2_B15,y,Healthy,2_25_2025,7_2_2025,1,Lagoon
365,112023_BEL_CBC_T3_352_PAST,289,11_15_2024,9.16,,,112023,3_10,11/13/23,PAST,Bleached_Tissue,UML_NARWHAL_R5_B19,UML_NARWHAL_R2_B12,y,CLB,2_25_2025,7_2_2025,1,Lagoon
251,082024_BEL_CBC_T1_1482_OANN,196,1_14_2025,15.9,,,082024,1_25,8/22/24,OANN,Bleached_Tissue,UML_NARWHAL_R5_B27,UML_NARWHAL_R2_B15,y,Healthy,2_26_2025,7_2_2025,1,CBC30N
304,092023_BEL_CBC_T2_184_MCAV,245,11_8_2024,18.9,,,092023,2_60,9/26/23,MCAV,Bleached_Tissue,UML_NARWHAL_R1_B10,UML_NARWHAL_R2_B12,y,"CLP,CLB",2_26_2025,7_2_2025,1,SR30N
269,082024_BEL_CBC_T3_1558_MCAV,214,1_15_2025,RECHECK,,,082024,3_14,8/24/24,MCAV,Healthy,UML_NARWHAL_R5_B27,UML_NARWHAL_R2_B15,y,Healthy,2_26_2025,7_2_2025,1,Lagoon
239,062024_BEL_CBC_T3_1442_OFAV,184,1_13_2025,71.4,,,062024,3_39,6/20/24,OFAV,Healthy,UML_NARWHAL_R5_B26,UML_NARWHAL_R2_B15,y,Healthy,2_26_2025,7_2_2025,1,Lagoon
219,062024_BEL_CBC_T2_1375_SSID,164,12_4_2024,71,,,062024,2_73,6/21/24,SSID,Healthy,UML_NARWHAL_R5_B26,UML_NARWHAL_R2_B15,y,DC,2_26_2025,7_2_2025,1,SR30N
272,082024_BEL_CBC_T3_1561_MCAV,217,1_15_2025,73.6,,,082024,3_21,8/24/24,MCAV,Healthy,UML_NARWHAL_R5_B27,UML_NARWHAL_R2_B15,y,Healthy,2_26_2025,7_3_2025,1,Lagoon
467,122023_BEL_CBC_T3_524_OFAV,358,11_19_2024,71.8,,,122023,3_38,12/16/23,OFAV,Healthy,UML_NARWHAL_R5_B19,UML_NARWHAL_R2_B13,y,Healthy,2_26_2025,7_3_2025,1,Lagoon
482,122023_BEL_CBC_T4_539_MCAV,373,11_19_2024,27.8,,,122023,4_76,12/16/23,MCAV,Bleached_Tissue,UML_NARWHAL_R5_B19,UML_NARWHAL_R2_B13,y,CLP,2_27_2025,7_3_2025,1,Curlew
455,122023_BEL_CBC_T2_513_SSID,346,11_18_2024,18.8,,,122023,2_73,12/15/23,SSID,Bleached_Tissue,UML_NARWHAL_R5_B19,UML_NARWHAL_R2_B13,y,CLB,2_27_2025,7_3_2025,1,SR30N
282,092023_BEL_CBC_T1_171_PAST,227,11_8_2024,2.16,,,092023,1_2,9/25/23,PAST,Bleached_Tissue,UML_NARWHAL_R1_B10,UML_NARWHAL_R2_B12,y,"CLP,CLB",2_27_2025,7_3_2025,1,CBC30N
329,092023_BEL_CBC_T4_92_PSTR,260,11_12_2024,4.54,,,092023,4_98,9/26/23,PSTR,Healthy,UML_NARWHAL_R1_B11,UML_NARWHAL_R2_B12,y,Healthy,2_27_2025,7_3_2025,1,Curlew
248,082024_BEL_CBC_T1_1479_PAST,193,1_14_2025,62.6,,,082024,1_2,8/22/24,PAST,Healthy,UML_NARWHAL_R5_B27,UML_NARWHAL_R2_B15,y,Healthy,2_27_2025,7_3_2025,1,CBC30N
297,092023_BEL_CBC_T2_174_SSID,238,11_8_2024,43.2,,,092023,2_72,9/26/23,SSID,Bleached_Tissue,UML_NARWHAL_R1_B10,UML_NARWHAL_R2_B12,y,CLB,2_27_2025,7_3_2025,1,SR30N
238,062024_BEL_CBC_T3_1439_OFAV,183,1_13_2025,52.6,,,062024,3_66,6/20/24,OFAV,Healthy,UML_NARWHAL_R5_B26,UML_NARWHAL_R2_B15,y,Healthy,2_27_2025,7_3_2025,1,Lagoon
449,122023_BEL_CBC_T1_507_PAST,340,11_18_2024,1.58,,,122023,1_21,12/16/23,PAST,Bleached_Tissue,UML_NARWHAL_R5_B19,UML_NARWHAL_R2_B13,y,"CLB,CLP",3_4_2025,7_3_2025,1,CBC30N
475,122023_BEL_CBC_T3_532_MCAV,366,11_19_2024,93.8,,,122023,3_21,12/16/23,MCAV,Bleached_Tissue,UML_NARWHAL_R5_B19,UML_NARWHAL_R2_B13,y,CLP,3_4_2025,7_3_2025,1,Lagoon
271,082024_BEL_CBC_T3_1560_PSTR,216,1_14_2025,64.8,,,082024,3_70,8/24/24,PSTR,Healthy,UML_NARWHAL_R5_B27,UML_NARWHAL_R2_B15,y,Healthy,3_4_2025,7_3_2025,1,Lagoon
226,062024_BEL_CBC_T2_1396_MCAV,171,12_4_2024,47.5,,,062024,2_69,6/21/24,MCAV,Healthy,UML_NARWHAL_R5_B26,UML_NARWHAL_R2_B15,y,Healthy,3_4_2025,7_3_2025,1,SR30N
378,112023_BEL_CBC_T4_401_MCAV,302,11_15_2024,21.8,,,112023,4_30,11/13/23,MCAV,Bleached_Tissue,UML_NARWHAL_R5_B19,UML_NARWHAL_R2_B12,y,CLP,3_4_2025,7_3_2025,1,Curlew
230,062024_BEL_CBC_T3_1415_MCAV,175,9_10_2024,42,,,062024,3_2,6/20/24,MCAV,Diseased_Tissue,UML_NARWHAL_R5_B26,UML_NARWHAL_R2_B11,y,Diseased_Other,3_4_2025,7_3_2025,1,Lagoon
301,092023_BEL_CBC_T2_181_PAST,242,11_8_2024,5.5,,,092023,2_63,9/26/23,PAST,Healthy,UML_NARWHAL_R1_B10,UML_NARWHAL_R2_B12,y,Healthy,3_4_2025,7_7_2025,1,SR30N
110,042024_BEL_CBC_T4_1046_PSTR,101,12_3_2024,50.7,,,042024,4_98,4/26/24,PSTR,Healthy,UML_NARWHAL_R5_B24,UML_NARWHAL_R2_B14,y,Healthy,3_4_2025,7_7_2025,1,Curlew
133,052022_BEL_CBC_T2_1_SSID,111,12_4_2024,33.2,,,052022,2_73,5/22/22,SSID,Healthy,UML_NARWHAL_R1_B8,UML_NARWHAL_R2_B15,y,Healthy,3_4_2025,7_7_2025,1,SR30N
14,012024_BEL_CBC_T2_601_OFAV,14,2_17_2025,89,,,012024,2_79,1/12/24,OFAV,Healthy,UML_NARWHAL_R5_B18,UML_NARWHAL_R2_B16,y,Healthy,3_4_2025,7_7_2025,1,SR30N
20,012024_BEL_CBC_T3_631_MCAV,20,2_20_2025,77.6,,,012024,3_21,1/10/24,MCAV,Healthy,UML_NARWHAL_R5_B18,UML_NARWHAL_R2_B16,y,Healthy,3_4_2025,7_7_2025,1,Lagoon
1,012024_BEL_CBC_T1_557_SSID,1,2_17_2025,44.6,,,012024,1_3,1/10/24,SSID,Healthy,UML_NARWHAL_R5_B18,UML_NARWHAL_R2_B16,y,Healthy,3_4_2025,7_7_2025,1,CBC30N
37,022024_BEL_CBC_T1_776_PSTR,37,11_22_2024,20.2,,,022024,1_12,2/23/24,PSTR,Healthy,UML_NARWHAL_R5_B23,UML_NARWHAL_R2_B13,y,Healthy,3_4_2025,7_7_2025,1,CBC30N
352,112023_BEL_CBC_T2_307_SSID,276,11_13_2024,45.4,,,112023,2_99,11/14/23,SSID,Bleached_Tissue,UML_NARWHAL_R5_B19,UML_NARWHAL_R2_B12,y,CLB,3_4_2025,7_7_2025,1,SR30N
355,112023_BEL_CBC_T2_310_MCAV,279,11_13_2024,68.2,,,112023,2_55,11/14/23,MCAV,Bleached_Tissue,UML_NARWHAL_R5_B19,UML_NARWHAL_R2_B12,y,CLP,3_4_2025,7_7_2025,1,SR30N
21,012024_BEL_CBC_T3_633_MCAV,21,2_17_2025,49.8,,,012024,3_2,1/10/24,MCAV,Healthy,UML_NARWHAL_R5_B18,UML_NARWHAL_R2_B16,y,"Diseased_Other, CLP",3_6_2025,7_7_2025,1,Lagoon
212,062024_BEL_CBC_T1_1347_OANN,157,12_4_2024,10.7,,,062024,1_25,6/21/24,OANN,Healthy,UML_NARWHAL_R5_B26,UML_NARWHAL_R2_B15,y,Healthy,3_6_2025,7_7_2025,1,CBC30N
23,012024_BEL_CBC_T3_637_SSID,23,2_20_2025,6.46,,,012024,3_5,1/10/24,SSID,Healthy,UML_NARWHAL_R5_B18,UML_NARWHAL_R2_B16,y,Healthy,3_6_2025,7_7_2025,1,Lagoon
320,092023_BEL_CBC_T3_195_PSTR,258,11_12_2024,8.52,,,092023,3_70,9/25/23,PSTR,Bleached_Tissue,UML_NARWHAL_R1_B11,UML_NARWHAL_R2_B12,y,CLP,3_6_2025,7_7_2025,1,Lagoon
4,012024_BEL_CBC_T1_563_PSTR,4,2_17_2025,35.8,,,012024,1_12,1/10/24,PSTR,Healthy,UML_NARWHAL_R5_B18,UML_NARWHAL_R2_B16,y,Healthy,3_6_2025,7_7_2025,1,CBC30N
71,042024_BEL_CBC_T1_927_PSTR,70,12_2_2024,24.7,,,042024,1_12,4/25/24,PSTR,Healthy,UML_NARWHAL_R5_B24,UML_NARWHAL_R2_B14,y,Healthy,3_6_2025,7_7_2025,1,CBC30N
68,022024_BEL_CBC_T4_875_MCAV,68,11_26_2024,39,,,022024,4_30,2/24/24,MCAV,Healthy,UML_NARWHAL_R5_B23,UML_NARWHAL_R2_B13,y,Healthy,3_6_2025,7_9_2025,1,Curlew
349,112023_BEL_CBC_T2_304_OFAV,273,11_13_2024,96,,,112023,2_76,11/14/23,OFAV,Healthy,UML_NARWHAL_R5_B19,UML_NARWHAL_R2_B12,y,Healthy,3_6_2025,7_9_2025,1,SR30N
185,062019_BEL_CBC_T2_18_MCAV,140,12_2_2024,1.61,,,062019,2_69,6/25/19,MCAV,Healthy,UML_NARWHAL_R1_B1,UML_NARWHAL_R2_B33,y,Healthy,3_6_2025,7_9_2025,1,SR30N
450,122023_BEL_CBC_T1_508_SSID,341,11_18_2024,15.7,,,122023,1_3,12/16/23,SSID,Healthy,UML_NARWHAL_R5_B19,UML_NARWHAL_R2_B13,y,Healthy,3_6_2025,7_9_2025,1,CBC30N
421,122022_BEL_CBC_T3_126_SSID,326,1_14_2025,61,,,122022,3_33,12/3/22,SSID,Healthy,UML_NARWHAL_R1_B5,UML_NARWHAL_R2_B15,y,Healthy,3_6_2025,7_9_2025,1,Lagoon
457,122023_BEL_CBC_T2_515_PAST,348,11_18_2024,9.86,,,122023,2_68,12/15/23,PAST,Healthy,UML_NARWHAL_R5_B19,UML_NARWHAL_R2_B13,y,Healthy,3_6_2025,7_9_2025,1,SR30N
28,012024_BEL_CBC_T4_661_PSTR,28,2_20_2025,1.41,,,012024,4_98,1/9/24,PSTR,Bleached_Tissue,UML_NARWHAL_R5_B18,UML_NARWHAL_R2_B16,y,CLB,3_6_2025,7_9_2025,1,Curlew
315,092023_BEL_CBC_T3_178_PAST,253,11_12_2024,11.1,,,092023,3_6,9/25/23,PAST,Bleached_Tissue,UML_NARWHAL_R1_B11,UML_NARWHAL_R2_B12,y,CLB,3_6_2025,7_9_2025,1,Lagoon
308,092023_BEL_CBC_T3_171_OFAV,246,11_12_2024,43.8,,,092023,3_39,9/25/23,OFAV,Healthy,UML_NARWHAL_R1_B11,UML_NARWHAL_R2_B12,y,Healthy,3_6_2025,7_9_2025,1,Lagoon
422,122022_BEL_CBC_T3_127_OFAV,327,6_22_2023,36.3,10_11_23,UML_NARWHAL_R6_B1,122022,3_39,12/3/22,OFAV,Healthy,UML_NARWHAL_R1_B5,UML_NARWHAL_R2_B3,y,Healthy,3_7_2025,7_9_2025,1,Lagoon
195,062019_BEL_CBC_T3_1_MCAV,147,6_13_2022,12.3,10_30_24,UML_NARWHAL_R6_B27,062019,3_2,6/23/19,MCAV,Healthy,Depleted_UML_NARWHAL_R1_B1,"UML_NARWHAL_R2_B32, UML_NARWHAL_R2_B33, UML_NARWHAL_R2_B35",y,Healthy,3_7_2025,7_9_2025,1,Lagoon
174,062019_BEL_CBC_T1_21_PAST,134,8_19_2024,1.9,10_6_2024,UML_NARWHAL_R6_B30,062019,1_21,6/24/19,PAST,Healthy,UML_NARWHAL_R1_B1,UML_NARWHAL_R2_B29,y,Healthy,3_7_2025,7_9_2025,1,CBC30N
167,052022_BEL_CBC_T3_66_OFAV,130,6_21_2023,17.8,10_11_23,UML_NARWHAL_R6_B1,052022,3_38,5/20/22,OFAV,Healthy,UML_NARWHAL_R1_B3,UML_NARWHAL_R2_B3,y,Healthy,3_7_2025,7_9_2025,1,Lagoon
420,122022_BEL_CBC_T3_124_PAST,325,9_11_2024,2.7,10_16_2024,UML_NARWHAL_R6_B27,122022,3_34,12/3/22,PAST,Healthy,UML_NARWHAL_R1_B5,UML_NARWHAL_R2_B29,y,Healthy,3_7_2025,7_9_2025,1,Lagoon
428,122022_BEL_CBC_T3_142_MCAV,330,8_12_2024,0.355,10_6_2024,UML_NARWHAL_R6_B30,122022,3_14,12/3/22,MCAV,Healthy,UML_NARWHAL_R1_B5,UML_NARWHAL_R2_B26,y,Healthy,3_7_2025,7_9_2025,1,Lagoon
427,122022_BEL_CBC_T3_141_PSTR,329,7_12_2024,6.21,8_6_2024,UML_NARWHAL_R6_B27,122022,3_20,12/3/22,PSTR,Healthy,UML_NARWHAL_R1_B5,UML_NARWHAL_R2_B26,y,Healthy,3_7_2025,7_10_2025,1,Lagoon
331,092023_BEL_CBC_T4_94_MCAV,262,11_12_2024,9.32,,,092023,4_76,9/26/23,MCAV,Healthy,UML_NARWHAL_R1_B11,UML_NARWHAL_R2_B12,y,Healthy,3_10_2025,7_10_2025,1,Curlew
29,012024_BEL_CBC_T4_663_PSTR,29,2_20_2025,8.44,,,012024,4_79,1/9/24,PSTR,Healthy,UML_NARWHAL_R5_B18,UML_NARWHAL_R2_B16,y,Healthy,3_10_2025,7_10_2025,1,Curlew
36,022024_BEL_CBC_T1_775_OANN,36,11_22_2024,13.8,,,022024,1_25,2/23/24,OANN,Healthy,UML_NARWHAL_R5_B23,UML_NARWHAL_R2_B13,y,Healthy,3_10_2025,7_10_2025,1,CBC30N
38,022024_BEL_CBC_T2_804_OFAV,38,11_22_2024,86.8,,,022024,2_76,2/22/24,OFAV,Healthy,UML_NARWHAL_R5_B23,UML_NARWHAL_R2_B13,y,Healthy,3_10_2025,7_10_2025,1,SR30N
18,012024_BEL_CBC_T3_627_PAST,18,2_20_2025,10.5,,,012024,3_34,1/10/24,PAST,Healthy,UML_NARWHAL_R5_B18,UML_NARWHAL_R2_B16,y,Healthy,3_10_2025,7_10_2025,1,Lagoon
214,062024_BEL_CBC_T1_1353_MCAV,159,12_4_2024,39.6,,,062024,1_24,6/21/24,MCAV,Healthy,UML_NARWHAL_R5_B26,UML_NARWHAL_R2_B15,y,Healthy,3_10_2025,7_10_2025,1,CBC30N
310,092023_BEL_CBC_T3_173_OFAV,248,11_12_2024,106,,,092023,3_66,9/25/23,OFAV,Healthy,UML_NARWHAL_R1_B11,UML_NARWHAL_R2_B12,y,Healthy,3_10_2025,7_10_2025,1,Lagoon
67,022024_BEL_CBC_T4_874_OFAV,67,11_26_2024,35.9,,,022024,4_78,2/24/24,OFAV,Bleached_Tissue,UML_NARWHAL_R5_B23,UML_NARWHAL_R2_B13,y,CLP,3_10_2025,7_10_2025,1,Curlew
111,042024_BEL_CBC_T4_1047_MCAV,102,12_3_2024,72.4,,,042024,4_28,4/26/24,MCAV,Healthy,UML_NARWHAL_R5_B24,UML_NARWHAL_R2_B14,y,Healthy,3_10_2025,7_10_2025,1,Curlew
464,122023_BEL_CBC_T2_522_MCAV,355,11_18_2024,17.3,,,122023,2_60,12/15/23,MCAV,Bleached_Tissue,UML_NARWHAL_R5_B19,UML_NARWHAL_R2_B13,y,CLB,3_10_2025,7_10_2025,1,SR30N
278,082024_BEL_CBC_T4_1607_PSTR,223,1_15_2025,10.9,,,082024,4_79,8/22/24,PSTR,Healthy,UML_NARWHAL_R5_B27,UML_NARWHAL_R2_B15,y,Healthy,3_10_2025,7_10_2025,1,Curlew
83,042024_BEL_CBC_T2_1026_OFAV,79,12_2_2024,72.8,,,042024,2_76,4/26/24,OFAV,Healthy,UML_NARWHAL_R5_B24,UML_NARWHAL_R2_B14,y,Healthy,3_10_2025,7_10_2025,1,SR30N
16,012024_BEL_CBC_T2_605_SSID,16,2_17_2025,59.8,,,012024,2_99,1/12/24,SSID,Bleached_Tissue,UML_NARWHAL_R5_B18,UML_NARWHAL_R2_B16,y,CLB,3_10_2025,7_10_2025,1,SR30N
256,082024_BEL_CBC_T2_1510_PAST,201,1_14_2025,31.6,,,082024,2_68,8/23/24,PAST,Healthy,UML_NARWHAL_R5_B27,UML_NARWHAL_R2_B15,y,Healthy,3_10_2025,7_10_2025,1,SR30N
152,052022_BEL_CBC_T3_13_MCAV,123,6_15_2022,3,10_30_24,UML_NARWHAL_R6_B27,052022,3_14,5/20/22,MCAV,Healthy,UML_NARWHAL_R1_B3,UML_NARWHAL_R2_B35,y,Healthy,1_2_2025,7_11_2025,1,Lagoon
236,062024_BEL_CBC_T3_1433_PSTR,181,12_5_2024,18.6,,,062024,3_70,6/20/24,PSTR,Healthy,UML_NARWHAL_R5_B26,UML_NARWHAL_R2_B15,y,Healthy,1_2_2025,7_11_2025,1,Lagoon
104,042024_BEL_CBC_T3_960_OFAV,96,12_3_2024,31.8,,,042024,3_66,4/25/24,OFAV,Healthy,UML_NARWHAL_R5_B24,UML_NARWHAL_R2_B14,y,Healthy,1_2_2025,7_11_2025,1,Lagoon
48,022024_BEL_CBC_T2_814_MCAV,48,11_22_2024,58.2,,,022024,2_60,2/22/24,MCAV,Healthy,UML_NARWHAL_R5_B23,UML_NARWHAL_R2_B13,y,Healthy,1_2_2025,7_11_2025,1,SR30N
90,042024_BEL_CBC_T2_1144_MCAV,85,12_2_2024,75.1,,,042024,2_69,4/30/24,MCAV,Healthy,UML_NARWHAL_R5_B25,UML_NARWHAL_R2_B14,y,Healthy,1_2_2025,7_11_2025,1,SR30N
155,052022_BEL_CBC_T3_19_MCAV,126,2022,17.4,10_30_24,UML_NARWHAL_R6_B27,052022,3_21,5/20/22,MCAV,Healthy,Depleted_UML_NARWHAL_R1_B3,UML_NARWHAL_R2_B32,y,Healthy,1_2_2025,7_11_2025,1,Lagoon
78,042024_BEL_CBC_T2_1014_OFAV,74,12_2_2024,59,,,042024,2_79,4/26/24,OFAV,Healthy,UML_NARWHAL_R5_B24,UML_NARWHAL_R2_B14,y,Healthy,3_10_2025,7_11_2025,1,SR30N
484,Negative,NA,,,,,    NA,0_0,,Negative,Negative,,,,Negative,NA,NA,0,
46,022024_BEL_CBC_T2_812_PAST,46,11_22_2024,26.6,,,022024,2_57,2/22/24,PAST,Healthy,UML_NARWHAL_R5_B23,UML_NARWHAL_R2_B13,y,Healthy,8_8_2025,12_10_2025,2,SR30N
344,112023_BEL_CBC_T1_274_PAST,268,11_13_2024,0.386,,,112023,1_21,11/14/23,PAST,Bleached_Tissue,UML_NARWHAL_R5_B19,UML_NARWHAL_R2_B12,y,CLP,8_8_2025,12_10_2025,2,CBC30N
311,092023_BEL_CBC_T3_174_OFAV,249,11_12_2024,30.2,,,092023,3_38,9/25/23,OFAV,Healthy,UML_NARWHAL_R1_B11,UML_NARWHAL_R2_B12,y,Healthy,8_8_2025,12_10_2025,2,Lagoon
183,062019_BEL_CBC_T2_17_SSID,138,12_4_2024,3.79,,,062019,2_73,6/25/19,SSID,Healthy,UML_NARWHAL_R1_B1,UML_NARWHAL_R2_B15,y,Healthy,8_8_2025,12_10_2025,2,SR30N
63,022024_BEL_CBC_T4_870_MCAV,63,11_26_2024,41.4,,,022024,4_28,2/24/24,MCAV,Healthy,UML_NARWHAL_R5_B23,UML_NARWHAL_R2_B13,y,Healthy,8_8_2025,12_10_2025,2,Curlew
108,042024_BEL_CBC_T4_1044_PSTR,99,12_3_2024,13.2,,,042024,4_79,4/26/24,PSTR,Healthy,UML_NARWHAL_R5_B24,UML_NARWHAL_R2_B14,y,Healthy,8_8_2025,12_10_2025,2,Curlew
56,022024_BEL_CBC_T3_848_MCAV,56,11_26_2024,59,,,022024,3_14,2/24/24,MCAV,Healthy,UML_NARWHAL_R5_B23,UML_NARWHAL_R2_B13,y,Healthy,8_8_2025,12_10_2025,2,Lagoon
483,122023_BEL_CBC_T4_540_MCAV,374,11_19_2024,49.8,,,122023,4_30,12/16/23,MCAV,Healthy,UML_NARWHAL_R5_B19,UML_NARWHAL_R2_B13,y,Healthy,8_11_2025,12_10_2025,2,Curlew
434,122022_BEL_CBC_T4_11_MCAV,334,8_12_2024,0.348,11_6_2024,UML_NARWHAL_R6_B27,122022,4_30,12/5/22,MCAV,Healthy,UML_NARWHAL_R1_B5,UML_NARWHAL_R2_B29,y,Healthy,8_11_2025,12_10_2025,2,Curlew
370,112023_BEL_CBC_T3_357_OFAV,294,11_15_2024,50.6,,,112023,3_39,11/13/23,OFAV,Healthy,UML_NARWHAL_R5_B19,UML_NARWHAL_R2_B12,y,Healthy,8_11_2025,12_10_2025,2,Lagoon
303,092023_BEL_CBC_T2_183_MCAV,244,11_8_2024,11.8,,,092023,2_55,9/26/23,MCAV,Bleached_Tissue,UML_NARWHAL_R1_B10,UML_NARWHAL_R2_B12,y,CLP,8_11_2025,12_10_2025,2,SR30N
39,022024_BEL_CBC_T2_805_SSID,39,9_10_2024,10.2,,,022024,2_72,2/22/24,SSID,Diseased_Tissue,UML_NARWHAL_R5_B23,UML_NARWHAL_R2_B11,y,Diseased,8_11_2025,12_10_2025,2,SR30N
96,042024_BEL_CBC_T3_946_OFAV,88,12_3_2024,56.7,,,042024,3_39,4/25/24,OFAV,Healthy,UML_NARWHAL_R5_B24,UML_NARWHAL_R2_B14,y,Healthy,8_11_2025,12_10_2025,2,Lagoon
254,082024_BEL_CBC_T2_1508_SSID,199,1_14_2025,39.6,,,082024,2_73,8/23/24,SSID,Bleached_Tissue,UML_NARWHAL_R5_B27,UML_NARWHAL_R2_B15,y,CLP,8_11_2025,12_10_2025,2,SR30N
250,082024_BEL_CBC_T1_1481_PSTR,195,1_14_2025,45.8,,,082024,1_12,8/22/24,PSTR,Healthy,UML_NARWHAL_R5_B27,UML_NARWHAL_R2_B15,y,Healthy,8_22_2025,12_10_2025,2,CBC30N
9,012024_BEL_CBC_T2_591_PAST,9,2_17_2025,29.4,,,012024,2_68,1/12/24,PAST,Healthy,UML_NARWHAL_R5_B18,UML_NARWHAL_R2_B16,y,Healthy,8_22_2025,12_15_2025,2,SR30N
55,022024_BEL_CBC_T3_847_PAST,55,11_26_2024,54,,,022024,3_10,2/24/24,PAST,Healthy,UML_NARWHAL_R5_B23,UML_NARWHAL_R2_B13,y,Healthy,8_22_2025,12_15_2025,2,Lagoon
136,052022_BEL_CBC_T2_12_MCAV,114,8_12_2024,0.902,10_6_2024,UML_NARWHAL_R6_B30,052022,2_55,5/22/22,MCAV,Healthy,UML_NARWHAL_R1_B8,UML_NARWHAL_R2_B26,y,Healthy,8_22_2025,12_15_2025,2,SR30N
2,012024_BEL_CBC_T1_559_MCAV,2,2_17_2025,14.8,,,012024,1_24,1/10/24,MCAV,Healthy,UML_NARWHAL_R5_B18,UML_NARWHAL_R2_B16,y,Healthy,8_22_2025,12_15_2025,2,CBC30N
374,112023_BEL_CBC_T4_397_PSTR,298,11_15_2024,11.9,,,112023,4_98,11/13/23,PSTR,Bleached_Tissue,UML_NARWHAL_R5_B19,UML_NARWHAL_R2_B12,y,CLB,8_22_2025,12_15_2025,2,Curlew
72,042024_BEL_CBC_T1_928_OANN,71,12_2_2024,14.9,,,042024,1_25,4/25/24,OANN,Healthy,UML_NARWHAL_R5_B24,UML_NARWHAL_R2_B14,y,Healthy,8_22_2025,12_15_2025,2,CBC30N
392,122022_BEL_CBC_T1_156_SSID,308,12_2_2024,5.33,,,122022,1_3,12/2/22,SSID,Healthy,UML_NARWHAL_R1_B4,UML_NARWHAL_R2_B14,y,Healthy,8_26_2025,12_15_2025,2,CBC30N
32,012024_BEL_CBC_T4_669_MCAV,32,2_20_2025,30.8,,,012024,4_30,1/9/24,MCAV,Healthy,UML_NARWHAL_R5_B18,UML_NARWHAL_R2_B16,y,Healthy,8_26_2025,12_15_2025,2,Curlew
30,012024_BEL_CBC_T4_665_MCAV,30,2_20_2025,16.3,,,012024,4_76,1/9/24,MCAV,Healthy,UML_NARWHAL_R5_B18,UML_NARWHAL_R2_B16,y,Healthy,8_26_2025,12_15_2025,2,Curlew
137,052022_BEL_CBC_T2_3_SSID,115,1_13_2025,12.1,,,052022,2_72,5/22/22,SSID,Healthy,UML_NARWHAL_R1_B8,UML_NARWHAL_R2_B15,y,CLB,8_26_2025,12_15_2025,2,SR30N
367,112023_BEL_CBC_T3_354_PSTR,291,11_15_2024,2.34,,,112023,3_20,11/13/23,PSTR,Bleached_Tissue,UML_NARWHAL_R5_B19,UML_NARWHAL_R2_B12,y,CLP,8_26_2025,12_15_2025,2,Lagoon
268,082024_BEL_CBC_T3_1557_PAST,213,1_15_2025,4.42,,,082024,3_10,8/24/24,PAST,Healthy,UML_NARWHAL_R5_B27,UML_NARWHAL_R2_B15,y,Healthy,8_26_2025,12_15_2025,2,Lagoon
409,122022_BEL_CBC_T2_92_MCAV,316,8_12_2024,0.166,10_6_2024,UML_NARWHAL_R6_B30,122022,2_69,12/4/22,MCAV,Healthy,UML_NARWHAL_R1_B4,UML_NARWHAL_R2_B26,y,Healthy,8_26_2025,12_15_2025,2,SR30N
187,062019_BEL_CBC_T2_21_PAST,142,9_16_2024,0.841,11_6_2024,UML_NARWHAL_R6_B27,062019,2_57,6/25/19,PAST,Healthy,UML_NARWHAL_R1_B1,"UML_NARWHAL_R2_B34, UML_NARWHAL_R2_B32, UML_NARWHAL_R2_B35",y,Healthy,8_26_2025,12_15_2025,2,SR30N
101,042024_BEL_CBC_T3_955_OFAV,93,12_3_2024,155,,,042024,3_38,4/25/24,OFAV,Healthy,UML_NARWHAL_R5_B24,UML_NARWHAL_R2_B14,y,Healthy,8_28_2025,12_15_2025,2,Lagoon
388,122022_BEL_CBC_T1_150_PAST,305,8_19_2024,5.72,9_28_2024,UML_NARWHAL_R6_B30,122022,1_21,12/2/22,PAST,Healthy,UML_NARWHAL_R1_B4,"UML_NARWHAL_R2_B29, UML_NARWHAL_R2_B34",y,Healthy,8_28_2025,12_15_2025,2,CBC30N
358,112023_BEL_CBC_T2_313_SSID,282,11_13_2024,43.4,,,112023,2_72,11/14/23,SSID,Bleached_Tissue,UML_NARWHAL_R5_B19,UML_NARWHAL_R2_B12,y,"CLP,CLB",8_28_2025,12_16_2025,2,SR30N
300,092023_BEL_CBC_T2_179_SSID,241,11_8_2024,10,,,092023,2_99,9/26/23,SSID,Bleached_Tissue,UML_NARWHAL_R1_B10,UML_NARWHAL_R2_B12,y,CLP,8_28_2025,12_16_2025,2,SR30N
107,042024_BEL_CBC_T4_1042_OFAV,98,12_3_2024,77.8,,,042024,4_78,4/26/24,OFAV,Healthy,UML_NARWHAL_R5_B24,UML_NARWHAL_R2_B14,y,Healthy,8_28_2025,12_16_2025,2,Curlew
366,112023_BEL_CBC_T3_353_MCAV,290,11_15_2024,10.6,,,112023,3_14,11/13/23,MCAV,Bleached_Tissue,UML_NARWHAL_R5_B19,UML_NARWHAL_R2_B12,y,CLP,8_28_2025,12_16_2025,2,Lagoon
333,092023_BEL_CBC_T4_96_MCAV,264,11_12_2024,16.5,,,092023,4_30,9/26/23,MCAV,Healthy,UML_NARWHAL_R1_B11,UML_NARWHAL_R2_B12,y,Healthy,8_28_2025,12_16_2025,2,Curlew
206,062019_BEL_CBC_T3_5_SSID,152,12_3_2024,30.6,,,062019,3_5,6/23/19,SSID,Healthy,UML_NARWHAL_R1_B1,UML_NARWHAL_R2_B14,y,Healthy,8_28_2025,12_16_2025,2,Lagoon
372,112023_BEL_CBC_T3_359_PAST,296,11_15_2024,1.98,,,112023,3_34,11/13/23,PAST,Bleached_Tissue,UML_NARWHAL_R5_B19,UML_NARWHAL_R2_B12,y,CLP,8_28_2025,12_16_2025,2,Lagoon
106,042024_BEL_CBC_T4_1041_MCAV,97,12_3_2024,53.4,,,042024,4_30,4/26/24,MCAV,Healthy,UML_NARWHAL_R5_B24,UML_NARWHAL_R2_B14,y,Healthy,8_28_2025,12_16_2025,2,Curlew
141,052022_BEL_CBC_T2_5_PAST,117,9_11_2024,48.1,10_6_2024,UML_NARWHAL_R6_B30,052022,2_68,5/22/22,PAST,Healthy,UML_NARWHAL_R1_B8,UML_NARWHAL_R2_B29,y,Healthy,8_28_2025,12_16_2025,2,SR30N
213,062024_BEL_CBC_T1_1350_PSTR,158,12_4_2024,18.7,,,062024,1_12,6/21/24,PSTR,Healthy,UML_NARWHAL_R5_B26,UML_NARWHAL_R2_B15,y,Healthy,8_28_2025,12_16_2025,2,CBC30N
264,082024_BEL_CBC_T3_1553_MCAV,209,1_15_2025,89.8,,,082024,3_2,8/24/24,MCAV,Healthy,UML_NARWHAL_R5_B27,UML_NARWHAL_R2_B15,y,Diseased_Other,8_28_2025,12_16_2025,2,Lagoon
431,122022_BEL_CBC_T3_151_PSTR,332,7_12_2024,10.8,8_6_2024,UML_NARWHAL_R6_B27,122022,3_70,12/3/22,PSTR,Healthy,UML_NARWHAL_R1_B5,UML_NARWHAL_R2_B26,y,Healthy,8_28_2025,12_16_2025,2,Lagoon
87,042024_BEL_CBC_T2_1034_SSID,82,9_9_2024,26,,,042024,2_99,4/26/24,SSID,Diseased_Tissue,UML_NARWHAL_R5_B24,UML_NARWHAL_R2_B11,y,Diseased,8_28_2025,12_16_2025,2,SR30N
454,122023_BEL_CBC_T2_512_OFAV,345,11_18_2024,28.4,,,122023,2_76,12/15/23,OFAV,Healthy,UML_NARWHAL_R5_B19,UML_NARWHAL_R2_B13,y,Healthy,9_10_2025,12_16_2025,2,SR30N
480,122023_BEL_CBC_T4_537_PSTR,371,11_19_2024,5.22,,,122023,4_79,12/16/23,PSTR,Bleached_Tissue,UML_NARWHAL_R5_B19,UML_NARWHAL_R2_B13,y,CLP,9_10_2025,12_16_2025,2,Curlew
237,062024_BEL_CBC_T3_1436_MCAV,182,12_5_2024,64.4,,,062024,3_21,6/20/24,MCAV,Healthy,UML_NARWHAL_R5_B26,UML_NARWHAL_R2_B15,y,Healthy,9_10_2025,12_16_2025,2,Lagoon
52,022024_BEL_CBC_T3_844_OFAV,52,11_26_2024,110,,,022024,3_38,2/24/24,OFAV,Healthy,UML_NARWHAL_R5_B23,UML_NARWHAL_R2_B13,y,Healthy,9_10_2025,12_17_2025,2,Lagoon
466,122023_BEL_CBC_T3_523_MCAV,357,11_19_2024,33,,,122023,3_2,12/16/23,MCAV,Bleached_Tissue,UML_NARWHAL_R5_B19,UML_NARWHAL_R2_B13,y,CLP,9_10_2025,12_17_2025,2,Lagoon
414,122022_BEL_CBC_T3_116_PAST,320,9_11_2024,30.9,10_6_2024,UML_NARWHAL_R6_B30,122022,3_6,12/3/22,PAST,Healthy,UML_NARWHAL_R1_B5,UML_NARWHAL_R2_B29,y,Healthy,9_10_2025,12_17_2025,2,Lagoon
66,022024_BEL_CBC_T4_873_MCAV,66,11_26_2024,81.4,,,022024,4_76,2/24/24,MCAV,Healthy,UML_NARWHAL_R5_B23,UML_NARWHAL_R2_B13,y,Healthy,9_10_2025,12_17_2025,2,Curlew
448,122023_BEL_CBC_T1_506_PAST,339,11_18_2024,3.44,,,122023,1_2,12/16/23,PAST,Bleached_Tissue,UML_NARWHAL_R5_B19,UML_NARWHAL_R2_B13,y,CLB,9_10_2025,12_17_2025,2,CBC30N
351,112023_BEL_CBC_T2_306_MCAV,275,11_13_2024,32.8,,,112023,2_69,11/14/23,MCAV,Bleached_Tissue,UML_NARWHAL_R5_B19,UML_NARWHAL_R2_B12,y,CLP,9_10_2025,12_17_2025,2,SR30N
109,042024_BEL_CBC_T4_1045_MCAV,100,12_3_2024,70.5,,,042024,4_76,4/26/24,MCAV,Healthy,UML_NARWHAL_R5_B24,UML_NARWHAL_R2_B14,y,Healthy,9_10_2025,12_17_2025,2,Curlew
40,022024_BEL_CBC_T2_806_SSID,40,11_4_2024,2.46,,,022024,2_72,2/22/24,SSID,Diseased_Margin,UML_NARWHAL_R5_B23,UML_NARWHAL_R2_B11,y,Diseased,9_10_2025,12_17_2025,2,SR30N
298,092023_BEL_CBC_T2_175_PAST,239,11_8_2024,31.6,,,092023,2_68,9/26/23,PAST,Healthy,UML_NARWHAL_R1_B10,UML_NARWHAL_R2_B12,y,Healthy,9_10_2025,12_17_2025,2,SR30N
44,022024_BEL_CBC_T2_810_SSID,44,11_22_2024,81.2,,,022024,2_99,2/22/24,SSID,Bleached_Tissue,UML_NARWHAL_R5_B23,UML_NARWHAL_R2_B13,y,CLP,9_10_2025,12_17_2025,2,SR30N
332,092023_BEL_CBC_T4_95_OFAV,263,11_12_2024,79.6,,,092023,4_78,9/26/23,OFAV,Bleached_Tissue,UML_NARWHAL_R1_B11,UML_NARWHAL_R2_B12,y,CLP,9_10_2025,12_17_2025,2,Curlew
375,112023_BEL_CBC_T4_398_PSTR,299,11_15_2024,3.08,,,112023,4_79,11/13/23,PSTR,Bleached_Tissue,UML_NARWHAL_R5_B19,UML_NARWHAL_R2_B12,y,CLP,9_10_2025,12_17_2025,2,Curlew
393,122022_BEL_CBC_T1_158_PAST,309,8_19_2024,2.53,9_28_2024,UML_NARWHAL_R6_B30,122022,1_2,12/2/22,PAST,Healthy,UML_NARWHAL_R1_B4,"UML_NARWHAL_R2_B29, UML_NARWHAL_R2_B34",y,Healthy,10_14_2025,12_17_2025,2,CBC30N
476,122023_BEL_CBC_T3_533_OFAV,367,11_19_2024,51.2,,,122023,3_39,12/16/23,OFAV,Healthy,UML_NARWHAL_R5_B19,UML_NARWHAL_R2_B13,y,Healthy,10_14_2025,12_17_2025,2,Lagoon
62,022024_BEL_CBC_T3_854_PAST,62,11_26_2024,36,,,022024,3_34,2/24/24,PAST,Healthy,UML_NARWHAL_R5_B23,UML_NARWHAL_R2_B13,y,Healthy,10_14_2025,12_17_2025,2,Lagoon
258,082024_BEL_CBC_T2_1512_PAST,203,1_14_2025,57.6,,,082024,2_63,8/23/24,PAST,Healthy,UML_NARWHAL_R5_B27,UML_NARWHAL_R2_B15,y,Healthy,10_14_2025,12_18_2025,2,SR30N
191,062019_BEL_CBC_T2_23_MCAV,144,12_2_2024,3.33,,,062019,2_55,6/25/19,MCAV,Healthy,UML_NARWHAL_R1_B1,UML_NARWHAL_R2_B33,y,Healthy,10_14_2025,12_18_2025,2,SR30N
452,122023_BEL_CBC_T1_510_PSTR,343,11_18_2024,57.8,,,122023,1_12,12/16/23,PSTR,Healthy,UML_NARWHAL_R5_B19,UML_NARWHAL_R2_B13,y,Healthy,10_14_2025,12_18_2025,2,CBC30N
49,022024_BEL_CBC_T2_815_OFAV,49,11_22_2024,60.2,,,022024,2_79,2/22/24,OFAV,Healthy,UML_NARWHAL_R5_B23,UML_NARWHAL_R2_B13,y,Healthy,10_14_2025,12_18_2025,2,SR30N
233,062024_BEL_CBC_T3_1424_PAST,178,12_5_2024,5.1,,,062024,3_10,6/20/24,PAST,Healthy,UML_NARWHAL_R5_B26,UML_NARWHAL_R2_B15,y,Healthy,10_14_2025,12_18_2025,2,Lagoon
350,112023_BEL_CBC_T2_305_PAST,274,11_13_2024,9.24,,,112023,2_68,11/14/23,PAST,Healthy,UML_NARWHAL_R5_B19,UML_NARWHAL_R2_B12,y,Healthy,10_14_2025,12_18_2025,2,SR30N
43,022024_BEL_CBC_T2_809_MCAV,43,11_22_2024,52.6,,,022024,2_69,2/22/24,MCAV,Healthy,UML_NARWHAL_R5_B23,UML_NARWHAL_R2_B13,y,Healthy,10_14_2025,12_18_2025,2,SR30N
95,042024_BEL_CBC_T3_944_SSID,87,12_3_2024,64.6,,,042024,3_33,4/25/24,SSID,Healthy,UML_NARWHAL_R5_B24,UML_NARWHAL_R2_B14,y,DC,10_14_2025,12_18_2025,2,Lagoon
472,122023_BEL_CBC_T3_529_MCAV,363,11_19_2024,34.8,,,122023,3_14,12/16/23,MCAV,Healthy,UML_NARWHAL_R5_B19,UML_NARWHAL_R2_B13,y,Healthy,10_14_2025,12_18_2025,2,Lagoon
478,122023_BEL_CBC_T4_535_MCAV,369,11_19_2024,22.6,,,122023,4_28,12/16/23,MCAV,Healthy,UML_NARWHAL_R5_B19,UML_NARWHAL_R2_B13,y,Healthy,10_14_2025,12_18_2025,2,Curlew
84,042024_BEL_CBC_T2_1027_PAST,80,12_2_2024,14.7,,,042024,2_68,4/26/24,PAST,Healthy,UML_NARWHAL_R5_B24,UML_NARWHAL_R2_B14,y,Healthy,10_14_2025,12_18_2025,2,SR30N
112,052022_BEL_CBC_T1_1_PAST,103,2022,39.8,11_5_2024,UML_NARWHAL_R6_B27,052022,1_2,5/21/22,PAST,Healthy,UML_NARWHAL_R1_B3,"UML_NARWHAL_R2_B32,  UML_NARWHAL_R2_B35",y,Healthy,10_14_2025,12_18_2025,2,CBC30N
284,092023_BEL_CBC_T1_173_SSID,229,11_8_2024,19.9,,,092023,1_3,9/25/23,SSID,Healthy,UML_NARWHAL_R1_B10,UML_NARWHAL_R2_B12,y,Diseased,10_14_2025,12_18_2025,2,CBC30N
45,022024_BEL_CBC_T2_811_PAST,45,11_22_2024,13.5,,,022024,2_63,2/22/24,PAST,Healthy,UML_NARWHAL_R5_B23,UML_NARWHAL_R2_B13,y,Healthy,12_3_2025,12_18_2025,2,SR30N
267,082024_BEL_CBC_T3_1556_OFAV,212,1_15_2025,110,,,082024,3_66,8/24/24,OFAV,Healthy,UML_NARWHAL_R5_B27,UML_NARWHAL_R2_B15,y,Healthy,12_3_2025,12_18_2025,2,Lagoon
312,092023_BEL_CBC_T3_175_MCAV,250,11_12_2024,22,,,092023,3_14,9/25/23,MCAV,Healthy,UML_NARWHAL_R1_B11,UML_NARWHAL_R2_B12,y,Healthy,12_3_2025,12_18_2025,2,Lagoon
47,022024_BEL_CBC_T2_813_MCAV,47,11_22_2024,69,,,022024,2_55,2/22/24,MCAV,Healthy,UML_NARWHAL_R5_B23,UML_NARWHAL_R2_B13,y,Healthy,12_3_2025,12_19_2025,2,SR30N
257,082024_BEL_CBC_T2_1511_SSID,202,1_14_2025,96.2,,,082024,2_99,8/23/24,SSID,Bleached_Tissue,UML_NARWHAL_R5_B27,UML_NARWHAL_R2_B15,y,CLP,12_3_2025,12_19_2025,2,SR30N
13,012024_BEL_CBC_T2_599_MCAV,13,2_17_2025,21.8,,,012024,2_60,1/12/24,MCAV,Healthy,UML_NARWHAL_R5_B18,UML_NARWHAL_R2_B16,y,Healthy,12_3_2025,12_19_2025,2,SR30N
471,122023_BEL_CBC_T3_528_PAST,362,11_19_2024,3.06,,,122023,3_10,12/16/23,PAST,Bleached_Tissue,UML_NARWHAL_R5_B19,UML_NARWHAL_R2_B13,y,CLB,12_3_2025,12_19_2025,2,Lagoon
150,052022_BEL_CBC_T3_1_MCAV,121,6_15_2022,6,11_5_2024,all_sent_for_sequencing,052022,3_2,5/20/22,MCAV,Healthy,Depleted_UML_NARWHAL_R1_B3,"UML_NARWHAL_R2_B32, UML_NARWHAL_R2_B35, UML_NARWHAL_R2_B33",y,Healthy,12_4_2025,12_19_2025,2,Lagoon
234,062024_BEL_CBC_T3_1427_MCAV,179,1_13_2025,36,,,062024,3_14,6/20/24,MCAV,Healthy,UML_NARWHAL_R5_B26,UML_NARWHAL_R2_B15,y,Healthy,12_4_2025,12_19_2025,2,Lagoon
345,112023_BEL_CBC_T1_275_SSID,269,11_13_2024,35,,,112023,1_3,11/14/23,SSID,Bleached_Tissue,UML_NARWHAL_R5_B19,UML_NARWHAL_R2_B12,y,CLP,12_4_2025,12_19_2025,2,CBC30N
11,012024_BEL_CBC_T2_595_PAST,11,2_17_2025,21.8,,,012024,2_63,1/12/24,PAST,Healthy,UML_NARWHAL_R5_B18,UML_NARWHAL_R2_B16,y,Healthy,12_4_2025,12_19_2025,2,SR30N
317,092023_BEL_CBC_T3_182_MCAV,255,11_12_2024,78.4,,,092023,3_21,9/25/23,MCAV,Healthy,UML_NARWHAL_R1_B11,UML_NARWHAL_R2_B12,y,Healthy,12_4_2025,12_19_2025,2,Lagoon
404,122022_BEL_CBC_T2_87_OFAV,313,6_27_2023,62.2,10_11_23,UML_NARWHAL_R6_B1,122022,2_79,12/4/22,OFAV,Healthy,UML_NARWHAL_R1_B4,UML_NARWHAL_R2_B3,y,Healthy,12_4_2025,12_19_2025,2,SR30N
314,092023_BEL_CBC_T3_177_SSID,252,11_12_2024,16.3,,,092023,3_5,9/25/23,SSID,Healthy,UML_NARWHAL_R1_B11,UML_NARWHAL_R2_B12,y,Healthy,12_4_2025,12_19_2025,2,Lagoon
247,062024_BEL_CBC_T4_1473_PSTR,192,1_13_2025,10,,,062024,4_79,6/22/24,PSTR,Healthy,UML_NARWHAL_R5_B26,UML_NARWHAL_R2_B15,y,Healthy,12_4_2025,12_19_2025,2,Curlew
178,062019_BEL_CBC_T1_5_SSID,136,12_2_2024,20.5,,,062019,1_3,6/21/19,SSID,Healthy,UML_NARWHAL_R1_B1,UML_NARWHAL_R2_B14,y,Healthy,12_4_2025,12_19_2025,2,CBC30N
432,122022_BEL_CBC_T4_1_OFAV,333,7_16_2024,44.7,8_6_2024,,122022,4_78,12/5/22,OFAV,Healthy,UML_NARWHAL_R1_B5,UML_NARWHAL_R2_B26,y,Healthy,12_4_2025,12_19_2025,2,Curlew
359,112023_BEL_CBC_T2_314_SSID,283,11_13_2024,65.6,,,112023,2_73,11/14/23,SSID,Bleached_Tissue,UML_NARWHAL_R5_B19,UML_NARWHAL_R2_B12,y,CLB,12_4_2025,12_19_2025,2,SR30N
153,052022_BEL_CBC_T3_15_PSTR,124,6_8_2023,13.3,10_6_2023,UML_NARWHAL_R6_B1,052022,3_20,5/20/22,PSTR,Healthy,Depleted_UML_NARWHAL_R1_B3,UML_NARWHAL_R2_B3,y,Healthy,12_4_2025,12_22_2025,2,Lagoon
285,092023_BEL_CBC_T1_174_MCAV,230,11_8_2024,45.4,,,092023,1_24,9/25/23,MCAV,Bleached_Tissue,UML_NARWHAL_R1_B10,UML_NARWHAL_R2_B12,y,CLP,12_4_2025,12_22_2025,2,CBC30N
485,Negative_2,NA,,,,,    NA,0_0,,Negative,Negative,,,,Negative,NA,NA,0,
24,012024_BEL_CBC_T3_639_OFAV,24,2_20_2025,77.8,,,012024,3_66,1/10/24,OFAV,Healthy,UML_NARWHAL_R5_B18,UML_NARWHAL_R2_B16,y,Healthy,12_4_2025,12_22_2025,3,Lagoon
462,122023_BEL_CBC_T2_520_PAST,353,11_18_2024,5.98,,,122023,2_57,12/15/23,PAST,Bleached_Tissue,UML_NARWHAL_R5_B19,UML_NARWHAL_R2_B13,y,"CLP,CLB",1_7_2026,1_19_2026,3,SR30N
134,052022_BEL_CBC_T2_10_MCAV,112,2022,7.94,10_30_24,UML_NARWHAL_R6_B27,052022,2_60,5/22/22,MCAV,Healthy,Depleted_UML_NARWHAL_R1_B8,"UML_NARWHAL_R2_B32, UML_NARWHAL_R2_B29, UML_NARWHAL_R2_B35",y,Healthy,1_7_2026,1_19_2026,3,SR30N
88,042024_BEL_CBC_T2_1035_SSID,83,11_4_2024,1.14,,,042024,2_99,4/26/24,SSID,Diseased_Margin,UML_NARWHAL_R5_B24,UML_NARWHAL_R2_B11,y,Diseased,1_7_2026,1_19_2026,3,SR30N
166,052022_BEL_CBC_T3_65_OFAV,129,6_21_2023,26.8,10_11_23,UML_NARWHAL_R6_B1,052022,3_39,5/20/22,OFAV,Healthy,UML_NARWHAL_R1_B3,UML_NARWHAL_R2_B3,y,Healthy,1_7_2026,1_19_2026,3,Lagoon
330,092023_BEL_CBC_T4_93_PSTR,261,11_12_2024,31.4,,,092023,4_79,9/26/23,PSTR,Healthy,UML_NARWHAL_R1_B11,UML_NARWHAL_R2_B12,y,Healthy,1_7_2026,1_19_2026,3,Curlew
103,042024_BEL_CBC_T3_959_SSID,95,12_3_2024,21.5,,,042024,3_5,4/25/24,SSID,Healthy,UML_NARWHAL_R5_B24,UML_NARWHAL_R2_B14,y,Healthy,1_7_2026,1_19_2026,3,Lagoon
274,082024_BEL_CBC_T3_1563_SSID,219,1_15_2025,RECHECK,,,082024,3_33,8/24/24,SSID,Healthy,UML_NARWHAL_R5_B27,UML_NARWHAL_R2_B15,y,DC,1_7_2026,1_19_2026,3,Lagoon
410,122022_BEL_CBC_T2_93_OFAV,317,6_27_2023,46.1,10_11_23,UML_NARWHAL_R6_B1,122022,2_76,12/4/22,OFAV,Healthy,Depleted_UML_NARWHAL_R1_B4,UML_NARWHAL_R2_B3,y,Healthy,1_7_2026,1_19_2026,3,SR30N
217,062024_BEL_CBC_T2_1369_SSID,161,9_10_2024,21,,,062024,2_72,6/21/24,SSID,Diseased_Tissue,UML_NARWHAL_R5_B26,UML_NARWHAL_R2_B11,y,Diseased,1_7_2026,1_19_2026,3,SR30N
246,062024_BEL_CBC_T4_1470_PSTR,191,1_13_2025,21.4,,,062024,4_98,6/22/24,PSTR,Healthy,UML_NARWHAL_R5_B26,UML_NARWHAL_R2_B15,y,Healthy,1_7_2026,1_19_2026,3,Curlew
154,052022_BEL_CBC_T3_16_SSID,125,1_15_2025,21,,,052022,3_33,5/20/22,SSID,Healthy,UML_NARWHAL_R1_B3,UML_NARWHAL_R2_B15,y,Healthy,1_7_2026,1_19_2026,3,Lagoon
229,062024_BEL_CBC_T3_1412_MCAV,174,11_4_2024,3.08,,,062024,3_2,6/20/24,MCAV,Diseased_Margin,UML_NARWHAL_R5_B26,UML_NARWHAL_R2_B11,y,Diseased_Other,1_7_2026,1_19_2026,3,Lagoon
348,112023_BEL_CBC_T1_278_PSTR,272,11_13_2024,19.5,,,112023,1_12,11/14/23,PSTR,Bleached_Tissue,UML_NARWHAL_R5_B19,UML_NARWHAL_R2_B12,y,CLP,1_7_2026,1_19_2026,3,CBC30N
394,122022_BEL_CBC_T2_100_PAST,310,8_19_2024,15.6,9_28_2024,UML_NARWHAL_R6_B30,122022,2_63,12/4/22,PAST,Healthy,UML_NARWHAL_R1_B4,"UML_NARWHAL_R2_B29, UML_NARWHAL_R2_B34",y,Healthy,1_7_2026,1_19_2026,3,SR30N
411,122022_BEL_CBC_T2_94_PAST,318,9_11_2024,27.6,10_6_2024,UML_NARWHAL_R6_B30,122022,2_68,12/4/22,PAST,Healthy,UML_NARWHAL_R1_B4,UML_NARWHAL_R2_B29,y,Healthy,1_7_2026,1_19_2026,3,SR30N
202,062019_BEL_CBC_T3_27_SSID,149,12_3_2024,RECHECK,,,062019,3_33,6/23/19,SSID,Healthy,UML_NARWHAL_R1_B1,UML_NARWHAL_R2_B14,y,Healthy,1_7_2026,1_19_2026,3,Lagoon
60,022024_BEL_CBC_T3_852_OFAV,60,11_26_2024,49.5,,,022024,3_39,2/24/24,OFAV,Healthy,UML_NARWHAL_R5_B23,UML_NARWHAL_R2_B13,y,Healthy,1_7_2026,1_19_2026,3,Lagoon
126,052022_BEL_CBC_T1_54_MCAV,107,8_12_2024,0.361,10_6_2024,UML_NARWHAL_R6_B30,052022,1_24,5/21/22,MCAV,Healthy,UML_NARWHAL_R1_B3,UML_NARWHAL_R2_B26,y,Healthy,1_7_2026,1_19_2026,3,CBC30N
458,122023_BEL_CBC_T2_516_MCAV,349,11_18_2024,22.4,,,122023,2_69,12/15/23,MCAV,Healthy,UML_NARWHAL_R5_B19,UML_NARWHAL_R2_B13,y,Healthy,1_7_2026,1_19_2026,3,SR30N
341,102019_BEL_CBC_T3_35_PSTR,266,6_6_2023,30.3,10_4_2023,UML_NARWHAL_R6_B1,102019,3_20,10/14/19,PSTR,Healthy,UML_NARWHAL_R1_B2,UML_NARWHAL_R2_B3,y,Healthy,1_7_2026,1_19_2026,3,Lagoon
50,022024_BEL_CBC_T3_842_MCAV,50,9_10_2024,27,,,022024,3_2,2/24/24,MCAV,Diseased_Tissue,UML_NARWHAL_R5_B23,UML_NARWHAL_R2_B11,y,Diseased_Other,1_7_2026,1_19_2026,3,Lagoon
347,112023_BEL_CBC_T1_277_OFAV_OANN,271,11_13_2024,7.88,,,112023,1_25,11/14/23,OANN,Bleached_Tissue,UML_NARWHAL_R5_B19,UML_NARWHAL_R2_B12,y,CLB,1_7_2026,1_19_2026,3,CBC30N
31,012024_BEL_CBC_T4_667_OFAV,31,2_20_2025,55.8,,,012024,4_78,1/9/24,OFAV,Bleached_Tissue,UML_NARWHAL_R5_B18,UML_NARWHAL_R2_B16,y,CLP,1_7_2026,1_19_2026,3,Curlew
440,122022_BEL_CBC_T4_34_PSTR,336,7_12_2024,3.99,10_16_2024,UML_NARWHAL_R6_B27,122022,4_98,12/5/22,PSTR,Healthy,UML_NARWHAL_R1_B5,UML_NARWHAL_R2_B26,y,Healthy,1_7_2026,1_19_2026,3,Curlew
451,122023_BEL_CBC_T1_509_MCAV,342,11_18_2024,16.4,,,122023,1_24,12/16/23,MCAV,Healthy,UML_NARWHAL_R5_B19,UML_NARWHAL_R2_B13,y,Healthy,1_7_2026,1_19_2026,3,CBC30N
477,122023_BEL_CBC_T3_534_SSID,368,11_19_2024,28.4,,,122023,3_33,12/16/23,SSID,Healthy,UML_NARWHAL_R5_B19,UML_NARWHAL_R2_B13,y,DC,1_7_2026,1_19_2026,3,Lagoon
253,082024_BEL_CBC_T2_1507_OFAV,198,1_14_2025,55.6,,,082024,2_76,8/23/24,OFAV,Healthy,UML_NARWHAL_R5_B27,UML_NARWHAL_R2_B15,y,Healthy,1_7_2026,1_19_2026,3,SR30N
343,112023_BEL_CBC_T1_273_PAST,267,11_13_2024,7.5,,,112023,1_2,11/14/23,PAST,Bleached_Tissue,UML_NARWHAL_R5_B19,UML_NARWHAL_R2_B12,y,CLB,1_7_2026,1_19_2026,3,CBC30N
381,122022_BEL_CBC_T1_123_OANN,304,7_16_2024,9.51,8_6_2024,UML_NARWHAL_R6_B27,122022,1_25,12/2/22,OANN,Healthy,UML_NARWHAL_R1_B4,UML_NARWHAL_R2_B26,y,Healthy,1_7_2026,1_19_2026,3,CBC30N
41,022024_BEL_CBC_T2_807_SSID,41,11_22_2024,77.6,,,022024,2_73,2/22/24,SSID,Bleached_Tissue,UML_NARWHAL_R5_B23,UML_NARWHAL_R2_B13,y,CLB,1_7_2026,1_19_2026,3,SR30N
302,092023_BEL_CBC_T2_182_PAST,243,11_8_2024,8.58,,,092023,2_57,9/26/23,PAST,Healthy,UML_NARWHAL_R1_B10,UML_NARWHAL_R2_B12,y,Healthy,1_7_2026,1_19_2026,3,SR30N
182,062019_BEL_CBC_T2_16_MCAV,137,9_16_2024,3.19,10_9_2024,UML_NARWHAL_R6_B27,062019,2_60,6/22/19,MCAV,Healthy,Depleted_UML_NARWHAL_R1_B1,"UML_NARWHAL_R2_B29, UML_NARWHAL_R2_B33",y,Healthy,1_8_2026,1_20_2026,3,SR30N
313,092023_BEL_CBC_T3_176_MCAV,251,11_12_2024,78.8,,,092023,3_2,9/25/23,MCAV,Bleached_Tissue,UML_NARWHAL_R1_B11,UML_NARWHAL_R2_B12,y,CLP,1_8_2026,1_20_2026,3,Lagoon
19,012024_BEL_CBC_T3_629_OFAV,19,2_20_2025,62,,,012024,3_39,1/10/24,OFAV,Healthy,UML_NARWHAL_R5_B18,UML_NARWHAL_R2_B16,y,Healthy,1_8_2026,1_20_2026,3,Lagoon
170,062019_BEL_CBC_T1_12_PAST,133,9_11_2024,1.08,10_6_2024,UML_NARWHAL_R6_B30,062019,1_13,6/24/19,PAST,Healthy,UML_NARWHAL_R1_B1,"UML_NARWHAL_R2_B29, UML_NARWHAL_R2_B34",y,Healthy,1_8_2026,1_20_2026,3,CBC30N
316,092023_BEL_CBC_T3_181_PAST,254,11_12_2024,10.5,,,092023,3_10,9/25/23,PAST,Bleached_Tissue,UML_NARWHAL_R1_B11,UML_NARWHAL_R2_B12,y,CLP,1_8_2026,1_20_2026,3,Lagoon
70,042024_BEL_CBC_T1_924_MCAV,69,12_2_2024,40.4,,,042024,1_24,4/25/24,MCAV,Healthy,UML_NARWHAL_R5_B24,UML_NARWHAL_R2_B14,y,Healthy,1_8_2026,1_20_2026,3,CBC30N
15,012024_BEL_CBC_T2_603_MCAV,15,2_17_2025,5.66,,,012024,2_55,1/12/24,MCAV,Bleached_Tissue,UML_NARWHAL_R5_B18,UML_NARWHAL_R2_B16,y,CLP,1_8_2026,1_20_2026,3,SR30N
241,062024_BEL_CBC_T3_1448_PAST,186,1_13_2025,35,,,062024,3_34,6/20/24,PAST,Healthy,UML_NARWHAL_R5_B26,UML_NARWHAL_R2_B15,y,Healthy,1_8_2026,1_20_2026,3,Lagoon
262,082024_BEL_CBC_T2_1516_OFAV,207,1_14_2025,RECHECK,,,082024,2_79,8/23/24,OFAV,Healthy,UML_NARWHAL_R5_B27,UML_NARWHAL_R2_B15,y,Healthy,1_8_2026,1_20_2026,3,SR30N
276,082024_BEL_CBC_T4_1605_MCAV,221,1_15_2025,48.6,,,082024,4_28,8/22/24,MCAV,Healthy,UML_NARWHAL_R5_B27,UML_NARWHAL_R2_B15,y,Healthy,1_8_2026,1_20_2026,3,Curlew
244,062024_BEL_CBC_T4_1464_MCAV,189,12_5_2024,6.74,,,062024,4_76,6/22/24,MCAV,Healthy,UML_NARWHAL_R5_B26,UML_NARWHAL_R2_B15,y,Healthy,1_8_2026,1_20_2026,3,Curlew
224,062024_BEL_CBC_T2_1387_OFAV,169,12_4_2024,4.62,,,062024,2_79,6/21/24,OFAV,Healthy,UML_NARWHAL_R5_B26,UML_NARWHAL_R2_B15,y,Healthy,1_8_2026,1_20_2026,3,SR30N
73,042024_BEL_CBC_T1_931_SSID,72,9_9_2024,33.2,,,042024,1_3,4/25/24,SSID,Diseased_Tissue,UML_NARWHAL_R5_B24,UML_NARWHAL_R2_B11,y,Diseased,1_8_2026,1_20_2026,3,CBC30N
371,112023_BEL_CBC_T3_358_SSID,295,11_15_2024,102,,,112023,3_33,11/13/23,SSID,Bleached_Tissue,UML_NARWHAL_R5_B19,UML_NARWHAL_R2_B12,y,"CLP,CLB",1_8_2026,1_20_2026,3,Lagoon
200,062019_BEL_CBC_T3_16_MCAV,148,2022,13.6,10_30_24,UML_NARWHAL_R6_B27,062019,3_21,6/23/19,MCAV,Healthy,UML_NARWHAL_R1_B1,"UML_NARWHAL_R2_B32, UML_NARWHAL_R2_B35, UML_NARWHAL_R2_B33",y,Healthy,1_8_2026,1_20_2026,3,Lagoon
255,082024_BEL_CBC_T2_1509_SSID,200,1_14_2025,60.8,,,082024,2_72,8/23/24,SSID,Bleached_Tissue,UML_NARWHAL_R5_B27,UML_NARWHAL_R2_B15,y,CLP,1_8_2026,1_20_2026,3,SR30N
369,112023_BEL_CBC_T3_356_MCAV,293,11_15_2024,67.6,,,112023,3_21,11/13/23,MCAV,Bleached_Tissue,UML_NARWHAL_R5_B19,UML_NARWHAL_R2_B12,y,"CLP,CLB",1_8_2026,1_20_2026,3,Lagoon
479,122023_BEL_CBC_T4_536_PSTR,370,11_19_2024,25.2,,,122023,4_98,12/16/23,PSTR,Bleached_Tissue,UML_NARWHAL_R5_B19,UML_NARWHAL_R2_B13,y,"CLP,CLB",1_8_2026,1_20_2026,3,Curlew
299,092023_BEL_CBC_T2_176_MCAV,240,11_8_2024,46.4,,,092023,2_69,9/26/23,MCAV,Healthy,UML_NARWHAL_R1_B10,UML_NARWHAL_R2_B12,y,Healthy,1_8_2026,1_20_2026,3,SR30N
8,012024_BEL_CBC_T2_589_SSID,8,2_17_2025,47.6,,,012024,2_73,1/12/24,SSID,Bleached_Tissue,UML_NARWHAL_R5_B18,UML_NARWHAL_R2_B16,y,CLB,1_8_2026,1_20_2026,3,SR30N
125,052022_BEL_CBC_T1_53_PAST,106,8_19_2024,1.75,10_6_2024,UML_NARWHAL_R6_B30,052022,1_13,5/21/22,PAST,Healthy,UML_NARWHAL_R1_B3,"UML_NARWHAL_R2_B29, UML_NARWHAL_R2_B34",y,Healthy,1_8_2026,1_20_2026,3,CBC30N
220,062024_BEL_CBC_T2_1378_PAST,165,12_4_2024,27.6,,,062024,2_68,6/21/24,PAST,Healthy,UML_NARWHAL_R5_B26,UML_NARWHAL_R2_B15,y,Healthy,1_8_2026,1_20_2026,3,SR30N
232,062024_BEL_CBC_T3_1421_OFAV,177,1_13_2025,69.4,,,062024,3_38,6/20/24,OFAV,Healthy,UML_NARWHAL_R5_B26,UML_NARWHAL_R2_B15,y,Healthy,1_8_2026,1_20_2026,3,Lagoon
210,062024_BEL_CBC_T1_1341_SSID,155,11_4_2024,3.76,,,062024,1_3,6/21/24,SSID,Diseased_Margin,UML_NARWHAL_R5_B26,UML_NARWHAL_R2_B11,y,Diseased,1_8_2026,1_20_2026,3,CBC30N
245,062024_BEL_CBC_T4_1467_MCAV,190,1_13_2025,21.8,,,062024,4_28,6/22/24,MCAV,Healthy,UML_NARWHAL_R5_B26,UML_NARWHAL_R2_B15,y,Healthy,1_8_2026,1_20_2026,3,Curlew
240,062024_BEL_CBC_T3_1445_SSID,185,1_13_2025,86.6,,,062024,3_33,6/20/24,SSID,Healthy,UML_NARWHAL_R5_B26,UML_NARWHAL_R2_B15,y,DC,1_8_2026,1_20_2026,3,Lagoon
82,042024_BEL_CBC_T2_1025_SSID,78,12_2_2024,49.8,,,042024,2_73,4/26/24,SSID,Healthy,UML_NARWHAL_R5_B24,UML_NARWHAL_R2_B14,y,Healthy,1_8_2026,1_20_2026,3,SR30N
131,052022_BEL_CBC_T1_63_OFAV,110,7_16_2024,9.86,8_6_2024,UML_NARWHAL_R6_B27,052022,1_25,5/21/22,OANN,Healthy,UML_NARWHAL_R1_B3,UML_NARWHAL_R2_B26,y,Healthy,1_8_2026,1_20_2026,3,CBC30N
142,052022_BEL_CBC_T2_59_OFAV,118,10_3_2023,73.7,10_16_2023,UML_NARWHAL_R2_B1,052022,2_76,5/24/22,OFAV,Healthy,UML_NARWHAL_R1_B8,UML_NARWHAL_R2_B3,y,Healthy,1_8_2026,1_20_2026,3,SR30N
389,122022_BEL_CBC_T1_151_MCAV,306,8_12_2024,0.218,10_6_2024,UML_NARWHAL_R6_B30,122022,1_24,12/2/22,MCAV,Healthy,UML_NARWHAL_R1_B4,UML_NARWHAL_R2_B26,y,Healthy,1_8_2026,1_20_2026,3,CBC30N
7,012024_BEL_CBC_T2_587_SSID,7,2_17_2025,48.8,,,012024,2_72,1/12/24,SSID,Bleached_Tissue,UML_NARWHAL_R5_B18,UML_NARWHAL_R2_B16,y,CLB,1_8_2026,1_20_2026,3,SR30N
408,122022_BEL_CBC_T2_90_SSID,315,12_4_2024,30.7,,,122022,2_73,12/4/22,SSID,Bleached_Tissue,UML_NARWHAL_R1_B4,UML_NARWHAL_R2_B15,y,CLB,1_9_2026,1_21_2026,3,SR30N
266,082024_BEL_CBC_T3_1555_SSID,211,1_15_2025,11.7,,,082024,3_5,8/24/24,SSID,Bleached_Tissue,UML_NARWHAL_R5_B27,UML_NARWHAL_R2_B15,y,CLP,1_9_2026,1_21_2026,3,Lagoon
294,092023_BEL_CBC_T2_171_OFAV,235,11_8_2024,78.8,,,092023,2_79,9/26/23,OFAV,Bleached_Tissue,UML_NARWHAL_R1_B10,UML_NARWHAL_R2_B12,y,CLB,1_9_2026,1_21_2026,3,SR30N
127,052022_BEL_CBC_T1_55_PSTR,108,6_8_2023,9.4,10_6_2023,UML_NARWHAL_R6_B1,052022,1_12,5/21/22,PSTR,Healthy,UML_NARWHAL_R1_B3,UML_NARWHAL_R2_B3,y,Healthy,1_9_2026,1_21_2026,3,CBC30N
79,042024_BEL_CBC_T2_1016_MCAV,75,12_2_2024,47.4,,,042024,2_55,4/26/24,MCAV,Healthy,UML_NARWHAL_R5_B24,UML_NARWHAL_R2_B14,y,Healthy,1_9_2026,1_21_2026,3,SR30N
156,052022_BEL_CBC_T3_25_PAST,127,2022,8.52,10_30_24,UML_NARWHAL_R6_B27,052022,3_34,5/20/22,PAST,Healthy,UML_NARWHAL_R1_B3,"UML_NARWHAL_R2_B32, UML_NARWHAL_R2_B29, UML_NARWHAL_R2_B34, UML_NARWHAL_R2_B35",y,Healthy,1_9_2026,1_21_2026,3,Lagoon
249,082024_BEL_CBC_T1_1480_SSID,194,1_14_2025,43.6,,,082024,1_3,8/22/24,SSID,Healthy,UML_NARWHAL_R5_B27,UML_NARWHAL_R2_B15,y,Diseased,1_9_2026,1_21_2026,3,CBC30N
295,092023_BEL_CBC_T2_172_OFAV,236,11_8_2024,108,,,092023,2_76,9/26/23,OFAV,Healthy,UML_NARWHAL_R1_B10,UML_NARWHAL_R2_B12,y,Healthy,1_9_2026,1_21_2026,3,SR30N
281,082024_BEL_CBC_T4_1610_MCAV,226,1_15_2025,86,,,082024,4_30,8/22/24,MCAV,Bleached_Tissue,UML_NARWHAL_R5_B27,UML_NARWHAL_R2_B15,y,CLB,1_9_2026,1_21_2026,3,Curlew
51,022024_BEL_CBC_T3_843_MCAV,51,11_4_2024,2.94,,,022024,3_2,2/24/24,MCAV,Diseased_Margin,UML_NARWHAL_R5_B23,UML_NARWHAL_R2_B11,y,Diseased_Other,1_9_2026,1_21_2026,3,Lagoon
357,112023_BEL_CBC_T2_312_OFAV,281,11_13_2024,50.6,,,112023,2_79,11/14/23,OFAV,Bleached_Tissue,UML_NARWHAL_R5_B19,UML_NARWHAL_R2_B12,y,"CLP,CLB",1_9_2026,1_21_2026,3,SR30N
401,122022_BEL_CBC_T2_83_PAST,311,9_11_2024,21.8,9_28_2024,UML_NARWHAL_R6_B30,122022,2_57,12/4/22,PAST,Healthy,UML_NARWHAL_R1_B4,UML_NARWHAL_R2_B29,y,Healthy,1_9_2026,1_21_2026,3,SR30N
186,062019_BEL_CBC_T2_2_PAST,141,9_11_2024,6.77,10_6_2024,UML_NARWHAL_R6_B30,062019,2_68,6/21/19,PAST,Healthy,UML_NARWHAL_R1_B1,"UML_NARWHAL_R2_B29, UML_NARWHAL_R2_B34",y,Healthy,1_9_2026,1_21_2026,3,SR30N
164,052022_BEL_CBC_T3_6_SSID,128,12_4_2024,27.9,,,052022,3_5,5/20/22,SSID,Healthy,UML_NARWHAL_R1_B3,UML_NARWHAL_R2_B15,y,Healthy,1_9_2026,1_21_2026,3,Lagoon
470,122023_BEL_CBC_T3_527_OFAV,361,11_19_2024,16.1,,,122023,3_66,12/16/23,OFAV,Healthy,UML_NARWHAL_R5_B19,UML_NARWHAL_R2_B13,y,Healthy,1_9_2026,1_21_2026,3,Lagoon
356,112023_BEL_CBC_T2_311_MCAV,280,11_13_2024,47,,,112023,2_60,11/14/23,MCAV,Bleached_Tissue,UML_NARWHAL_R5_B19,UML_NARWHAL_R2_B12,y,CLP,1_9_2026,1_21_2026,3,SR30N
35,022024_BEL_CBC_T1_774_MCAV,35,11_22_2024,31.2,,,022024,1_24,2/23/24,MCAV,Healthy,UML_NARWHAL_R5_B23,UML_NARWHAL_R2_B13,y,Healthy,1_9_2026,1_21_2026,3,CBC30N
456,122023_BEL_CBC_T2_514_SSID,347,11_18_2024,25,,,122023,2_72,12/15/23,SSID,Bleached_Tissue,UML_NARWHAL_R5_B19,UML_NARWHAL_R2_B13,y,CLB,1_9_2026,1_21_2026,3,SR30N
22,012024_BEL_CBC_T3_635_OFAV,22,2_20_2025,90.4,,,012024,3_38,1/10/24,OFAV,Healthy,UML_NARWHAL_R5_B18,UML_NARWHAL_R2_B16,y,Healthy,1_9_2026,1_21_2026,3,Lagoon
283,092023_BEL_CBC_T1_172_PAST,228,11_8_2024,1.2,,,092023,1_21,9/25/23,PAST,Bleached_Tissue,UML_NARWHAL_R1_B10,UML_NARWHAL_R2_B12,y,CLP,1_9_2026,1_21_2026,3,CBC30N
99,042024_BEL_CBC_T3_950_PSTR,91,12_3_2024,8.85,,,042024,3_20,4/25/24,PSTR,Healthy,UML_NARWHAL_R5_B24,UML_NARWHAL_R2_B14,y,Healthy,1_9_2026,1_21_2026,3,Lagoon
361,112023_BEL_CBC_T3_348_SSID,285,11_15_2024,15.2,,,112023,3_5,11/13/23,SSID,Healthy,UML_NARWHAL_R5_B19,UML_NARWHAL_R2_B12,y,Healthy,1_9_2026,1_21_2026,3,Lagoon
135,052022_BEL_CBC_T2_11_PAST,113,6_17_2022,15,11_6_2024,UML_NARWHAL_R6_B27,052022,2_57,5/22/22,PAST,Healthy,Depleted_UML_NARWHAL_R1_B8,"UML_NARWHAL_R2_B32, UML_NARWHAL_R2_B29, UML_NARHWAL_PINK",y,Healthy,1_9_2026,1_21_2026,3,SR30N
289,092023_BEL_CBC_T1_178_OANN,234,11_8_2024,21,,,092023,1_25,9/27/23,OANN,Bleached_Tissue,UML_NARWHAL_R1_B10,UML_NARWHAL_R2_B12,y,CLP,1_9_2026,1_21_2026,3,CBC30N
377,112023_BEL_CBC_T4_400_OFAV,301,11_15_2024,47.8,,,112023,4_78,11/13/23,OFAV,Bleached_Tissue,UML_NARWHAL_R5_B19,UML_NARWHAL_R2_B12,y,CLP,1_9_2026,1_21_2026,3,Curlew
405,122022_BEL_CBC_T2_88_MCAV,314,8_12_2024,0.884,10_6_2024,UML_NARWHAL_R6_B30,122022,2_55,12/4/22,MCAV,Healthy,UML_NARWHAL_R1_B4,UML_NARWHAL_R2_B26,y,Healthy,1_9_2026,1_21_2026,3,SR30N
463,122023_BEL_CBC_T2_521_OFAV,354,11_18_2024,37.6,,,122023,2_79,12/15/23,OFAV,Bleached_Tissue,UML_NARWHAL_R5_B19,UML_NARWHAL_R2_B13,y,CLP,1_9_2026,1_21_2026,3,SR30N
252,082024_BEL_CBC_T1_1483_MCAV,197,1_14_2025,58.4,,,082024,1_24,8/22/24,MCAV,Healthy,UML_NARWHAL_R5_B27,UML_NARWHAL_R2_B15,y,Healthy,1_9_2026,1_21_2026,3,CBC30N
130,052022_BEL_CBC_T1_62_MCAV,109,8_12_2024,0.538,10_6_2024,UML_NARWHAL_R6_B30,052022,1_24,5/25/22,MCAV,Healthy,UML_NARWHAL_R1_B3,UML_NARWHAL_R2_B26,y,Healthy,1_9_2026,1_21_2026,3,CBC30N
363,112023_BEL_CBC_T3_350_OFAV,287,11_15_2024,73.6,,,112023,3_38,11/13/23,OFAV,Healthy,UML_NARWHAL_R5_B19,UML_NARWHAL_R2_B12,y,Healthy,1_9_2026,1_21_2026,3,Lagoon
102,042024_BEL_CBC_T3_956_MCAV,94,12_3_2024,12.8,,,042024,3_2,4/25/24,MCAV,Healthy,UML_NARWHAL_R5_B24,UML_NARWHAL_R2_B14,y,Diseased_Other,1_9_2026,1_21_2026,3,Lagoon
3,012024_BEL_CBC_T1_561_OANN,3,2_17_2025,18,,,012024,1_25,1/10/24,OANN,Healthy,UML_NARWHAL_R5_B18,UML_NARWHAL_R2_B16,y,Healthy,1_9_2026,1_21_2026,3,CBC30N
486,Negative_3,NA,,,,,    NA,0_0,,Negative,Negative,,,,Negative,NA,NA,0,
373,112023_BEL_CBC_T4_396_MCAV,297,11_15_2024,45.8,,,112023,4_28,11/13/23,MCAV,Healthy,UML_NARWHAL_R5_B19,UML_NARWHAL_R2_B12,y,Healthy,2_9_2026,2_12_2026,4,Curlew
438,122022_BEL_CBC_T4_15_MCAV,114,7_19_2024,2.03,10_29_2024,UML_NARWHAL_R6_B30,122022,4_95,12/5/22,MCAV,Diseased_Tissue,UML_NARWHAL_R1_B5,UML_NARWHAL_R2_B26,n,Diseased,2_9_2026,2_12_2026,4,Curlew
290,092023_BEL_CBC_T1_188_SSID,59,9_11_2024,6.22,,,092023,1_5,9/27/23,SSID,Diseased_Tissue,UML_NARWHAL_R1_B10,UML_NARWHAL_R2_B11,n,Diseased,2_9_2026,2_12_2026,4,CBC30N
123,052022_BEL_CBC_T1_41_OANN,18,6_21_2023,11.1,10_16_2023,UML_NARWHAL_R6_B1,052022,1_22,5/21/22,OANN,Healthy,Depleted_UML_NARWHAL_R1_B3,UML_NARWHAL_R2_B3,n,Healthy,2_9_2026,2_12_2026,4,CBC30N
400,122022_BEL_CBC_T2_119_OANN,99,6_28_2023,6.7,10_17_2023,UML_NARWHAL_R6_B1,122022,2_30,12/4/22,OANN,Diseased_Tissue,UML_NARWHAL_R1_B4,UML_NARWHAL_R2_B3,n,Diseased,2_9_2026,2_12_2026,4,SR30N
10,012024_BEL_CBC_T2_593_MCAV,10,2_17_2025,24.8,,,012024,2_69,1/12/24,MCAV,Healthy,UML_NARWHAL_R5_B18,UML_NARWHAL_R2_B16,y,Healthy,2_9_2026,2_12_2026,4,SR30N
169,062019_BEL_CBC_T1_1_PAST,132,2022,2.38,10_30_24,all_sent_for_sequencing,062019,1_2,6/21/19,PAST,Healthy,Depleted_UML_NARWHAL_R1_B1,"UML_NARWHAL_R2_B32, UML_NARWHAL_R2_B29, UML_NARWHAL_R2_B35",y,Healthy,2_9_2026,2_12_2026,4,CBC30N
179,062019_BEL_CBC_T1_6_MCAV,44,2022,7.03,11_5_2024,UML_NARWHAL_R6_B27,062019,1_342,6/21/19,MCAV,Healthy,UML_NARWHAL_R1_B1,UML_NARWHAL_R2_B33,n,Healthy,2_9_2026,2_12_2026,4,CBC30N
33,022024_BEL_CBC_T1_771_PAST,33,11_22_2024,23.8,,,022024,1_2,2/23/24,PAST,Healthy,UML_NARWHAL_R5_B23,UML_NARWHAL_R2_B13,y,Healthy,2_9_2026,2_12_2026,4,CBC30N
279,082024_BEL_CBC_T4_1608_MCAV,224,1_15_2025,61,,,082024,4_76,8/22/24,MCAV,Healthy,UML_NARWHAL_R5_B27,UML_NARWHAL_R2_B15,y,Healthy,2_9_2026,2_12_2026,4,Curlew
326,092023_BEL_CBC_T4_84_OANN,71,9_11_2024,6.54,,,092023,4_99,9/26/23,OANN,Diseased_Tissue,UML_NARWHAL_R1_B11,UML_NARWHAL_R2_B11,n,Diseased,2_9_2026,2_12_2026,4,Curlew
196,062019_BEL_CBC_T3_11_MCAV,52,9_13_2024,12,10_9_2024,UML_NARWHAL_R6_B27,062019,3_12,6/23/19,MCAV,Healthy,UML_NARWHAL_R1_B1,"UML_NARWHAL_R2_B29, UML_NARWHAL_R2_B33",n,Healthy,2_9_2026,2_12_2026,4,Lagoon
296,092023_BEL_CBC_T2_173_SSID,237,11_8_2024,37.4,,,092023,2_73,9/26/23,SSID,Bleached_Tissue,UML_NARWHAL_R1_B10,UML_NARWHAL_R2_B12,y,"CLP,CLB",2_9_2026,2_12_2026,4,SR30N
42,022024_BEL_CBC_T2_808_PAST,42,11_22_2024,32,,,022024,2_68,2/22/24,PAST,Healthy,UML_NARWHAL_R5_B23,UML_NARWHAL_R2_B13,y,Healthy,2_9_2026,2_12_2026,4,SR30N
27,012024_BEL_CBC_T3_644_PSTR,27,2_20_2025,48.8,,,012024,3_70,1/10/24,PSTR,Bleached_Tissue,UML_NARWHAL_R5_B18,UML_NARWHAL_R2_B16,y,CLP,2_9_2026,2_12_2026,4,Lagoon
407,122022_BEL_CBC_T2_89_PAST,102,9_11_2024,42.6,10_6_2024,UML_NARWHAL_R6_B30,122022,2_56,12/4/22,PAST,Healthy,UML_NARWHAL_R1_B4,UML_NARWHAL_R2_B29,n,Healthy,2_9_2026,2_12_2026,4,SR30N
386,122022_BEL_CBC_T1_139_PAST,91,8_9_2024,1.25,10_29_2024,UML_NARWHAL_R6_B30,122022,1_20,12/2/22,PAST,Diseased_Tissue,UML_NARWHAL_R1_B4,UML_NARWHAL_R2_B26,n,Diseased,2_9_2026,2_12_2026,4,CBC30N
336,102019_BEL_CBC_T1_28_PSTR,76,5_30_2023,7.2,10_17_2023,UML_NARWHAL_R2_B1,102019,1_404,10/15/19,PSTR,Healthy,UML_NARWHAL_R1_B2,,n,Healthy,2_9_2026,2_12_2026,4,CBC30N
194,062019_BEL_CBC_T2_5_MCAV,51,9_13_2024,9.48,10_9_2024,UML_NARWHAL_R6_B27,062019,2_59,6/21/19,MCAV,Healthy,UML_NARWHAL_R1_B1,"UML_NARWHAL_R2_B29, UML_NARWHAL_R2_B33",n,Healthy,2_9_2026,2_12_2026,4,SR30N
231,062024_BEL_CBC_T3_1418_SSID,176,1_13_2025,41.4,,,062024,3_5,6/20/24,SSID,Healthy,UML_NARWHAL_R5_B26,UML_NARWHAL_R2_B15,y,Healthy,2_9_2026,2_12_2026,4,Lagoon
338,102019_BEL_CBC_T1_31_PSTR,78,6_1_2023,13.2,9_27_2023,UML_NARWHAL_R2_B1,102019,1_419,10/15/19,PSTR,Healthy,UML_NARWHAL_R1_B2," UML_NARWHAL_R2_B35, UML_NARWHAL_R2_B3",n,Healthy,2_9_2026,2_12_2026,4,CBC30N
177,062019_BEL_CBC_T1_3_MCAV,42,9_13_2024,29.6,10_9_2024,UML_NARWHAL_R6_B27,062019,1_355,6/21/19,MCAV,Healthy,UML_NARWHAL_R1_B1,"UML_NARWHAL_R2_B29, UML_NARWHAL_R2_B33",n,Healthy,2_9_2026,2_12_2026,4,CBC30N
115,052022_BEL_CBC_T1_12_MCAV,12,6_10_2022,7.52,10_30_2024,UML_NARWHAL_R6_B27,052022,1_8,5/21/22,MCAV,Diseased_Margin,Depleted_ UML_NARWHAL_R1_B3,"UML_NARWHAL_R2_B32, UML_NARWHAL_R2_B35",n,Diseased,2_9_2026,2_12_2026,4,CBC30N
321,092023_BEL_CBC_T3_196_SSID,66,9_11_2024,18.1,,,092023,3_3,9/25/23,SSID,Diseased_Tissue,UML_NARWHAL_R1_B11,UML_NARWHAL_R2_B11,n,Diseased,2_9_2026,2_12_2026,4,Lagoon
98,042024_BEL_CBC_T3_949_PSTR,90,12_3_2024,9.51,,,042024,3_70,4/25/24,PSTR,Healthy,UML_NARWHAL_R5_B24,UML_NARWHAL_R2_B14,y,Healthy,2_9_2026,2_12_2026,4,Lagoon
396,122022_BEL_CBC_T2_102_OFAV,95,6_28_2023,56.1,10_17_2023,UML_NARWHAL_R6_B1,122022,2_80,12/4/22,OFAV,Diseased_Tissue,UML_NARWHAL_R1_B4,UML_NARWHAL_R2_B3,n,Diseased,2_9_2026,2_12_2026,4,SR30N
263,082024_BEL_CBC_T2_1517_MCAV,208,1_14_2025,40.8,,,082024,2_69,8/23/24,MCAV,Healthy,UML_NARWHAL_R5_B27,UML_NARWHAL_R2_B15,y,Healthy,2_9_2026,2_12_2026,4,SR30N
180,062019_BEL_CBC_T1_8_PAST,45,6_17_2022,3.92,10_30_24,all_sent_for_sequencing,062019,1_19,6/21/19,PAST,Healthy,UML_NARWHAL_R1_B1,"UML_NARWHAL_R2_B32, UML_NARWHAL_R2_B35",n,Healthy,2_9_2026,2_12_2026,4,CBC30N
124,052022_BEL_CBC_T1_52_PAST,19,6_17_2022,8.1,10_30_2024,UML_NARWHAL_R6_B27,052022,1_19,5/21/22,PAST,Diseased_Tissue,UML_NARWHAL_R1_B3,UML_NARWHAL_R2_B32,n,Diseased,2_9_2026,2_12_2026,4,CBC30N
139,052022_BEL_CBC_T2_45_PSTR,23,10_10_2023,22.8,10_17_2023,UML_NARWHAL_R2_B1,052022,2_70,5/22/22,PSTR,Diseased_Margin,UML_NARWHAL_R1_B8,UML_NARWHAL_R2_B3,n,Diseased,2_9_2026,2_12_2026,4,SR30N
397,122022_BEL_CBC_T2_116_PSTR,96,7_11_2024,7.87,8_2_2024,UML_NARWHAL_R6_B27,122022,2_28,12/4/22,PSTR,Diseased_Margin,UML_NARWHAL_R1_B4,UML_NARWHAL_R2_B26,n,Diseased,2_10_2026,2_17_2026,4,SR30N
198,062019_BEL_CBC_T3_14_MCAV,54,2022,12.6,11_5_2024,UML_NARWHAL_R6_B27,062019,3_17,6/23/19,MCAV,Healthy,UML_NARWHAL_R1_B1,"UML_NARWHAL_R2_B32, UML_NARWHAL_R2_B35, UML_NARWHAL_R2_B33",n,Healthy,2_10_2026,2_17_2026,4,Lagoon
89,042024_BEL_CBC_T2_1040_SSID,84,12_2_2024,52.2,,,042024,2_72,4/26/24,SSID,Healthy,UML_NARWHAL_R5_B24,UML_NARWHAL_R2_B14,y,Diseased,2_10_2026,2_17_2026,4,SR30N
379,122022_BEL_CBC_T1_120_OANN,86,6_28_2023,15.2,10_17_2023,UML_NARWHAL_R6_B1,122022,1_22,12/4/22,OANN,Diseased_Margin,Depleted_UML_NARWHAL_R1_B4,,n,Diseased,2_10_2026,2_17_2026,4,CBC30N
132,052022_BEL_CBC_T1_70_MCAV,22,6_14_2022,48.8,10_30_2024,UML_NARWHAL_R6_B27,052022,1_15,5/21/22,MCAV,Diseased_Tissue,Depleted_UML_NARWHAL_R1_B3,"UML_NARWHAL_R2_B32, UML_NARWHAL_R2_B35",n,Diseased,2_10_2026,2_17_2026,4,CBC30N
215,062024_BEL_CBC_T1_1356_PAST,160,12_4_2024,5,,,062024,1_2,6/21/24,PAST,Healthy,UML_NARWHAL_R5_B26,UML_NARWHAL_R2_B15,y,Healthy,2_10_2026,2_17_2026,4,CBC30N
437,122022_BEL_CBC_T4_14_MCAV,113,7_17_2024,5.99,10_29_2024,UML_NARWHAL_R6_B30,122022,4_95,12/5/22,MCAV,Diseased_Margin,UML_NARWHAL_R1_B5,UML_NARWHAL_R2_B26,n,Diseased,2_10_2026,2_17_2026,4,Curlew
292,092023_BEL_CBC_T1_194_SSID,61,9_11_2024,15.7,,,092023,1_16,9/27/23,SSID,Diseased_Tissue,UML_NARWHAL_R1_B10,UML_NARWHAL_R2_B11,n,Diseased,2_10_2026,2_17_2026,4,CBC30N
26,012024_BEL_CBC_T3_642_PSTR,26,2_20_2025,2.04,,,012024,3_20,1/10/24,PSTR,Healthy,UML_NARWHAL_R5_B18,UML_NARWHAL_R2_B16,y,Healthy,2_10_2026,2_17_2026,4,Lagoon
444,122022_BEL_CBC_T4_4_PSTR,338,7_12_2024,7.07,8_6_2024,,122022,4_79,12/5/22,PSTR,Healthy,UML_NARWHAL_R1_B5,UML_NARWHAL_R2_B26,y,Healthy,2_10_2026,2_17_2026,4,Curlew
173,062019_BEL_CBC_T1_18_PAST,40,9_11_2024,1.28,10_6_2024,UML_NARWHAL_R6_B30,062019,1_20,6/24/19,PAST,Healthy,UML_NARWHAL_R1_B1,"UML_NARWHAL_R2_B29, UML_NARWHAL_R2_B34",n,Healthy,2_10_2026,2_17_2026,4,CBC30N
6,012024_BEL_CBC_T2_585_OFAV,6,2_17_2025,71.6,,,012024,2_76,1/12/24,OFAV,Healthy,UML_NARWHAL_R5_B18,UML_NARWHAL_R2_B16,y,Healthy,2_10_2026,2_17_2026,4,SR30N
227,062024_BEL_CBC_T2_1399_PAST,172,12_4_2024,17.4,,,062024,2_63,6/21/24,PAST,Healthy,UML_NARWHAL_R5_B26,UML_NARWHAL_R2_B15,y,Healthy,2_10_2026,2_17_2026,4,SR30N
481,122023_BEL_CBC_T4_538_OFAV,372,11_19_2024,17.7,,,122023,4_78,12/16/23,OFAV,Bleached_Tissue,UML_NARWHAL_R5_B19,UML_NARWHAL_R2_B13,y,CLP,2_10_2026,2_17_2026,4,Curlew
122,052022_BEL_CBC_T1_40_MCAV,17,2022,13.9,11_8_2024,UML_NARWHAL_R6_B27,052022,1_15,5/21/22,MCAV,Diseased_Margin,Depleted_UML_NARWHAL_R1_B3,"UML_NARWHAL_R2_B32, UML_NARWHAL_R2_B35",n,Diseased,2_10_2026,2_17_2026,4,CBC30N
160,052022_BEL_CBC_T3_50_MCAV,33,6_14_2022,4.26,10_30_2024,UML_NARWHAL_R6_B27,052022,3_17,5/20/22,MCAV,Diseased_Margin,Depleted_UML_NARWHAL_R1_B3,"UML_NARWHAL_R2_B32, UML_NARWHAL_R2_B35",n,Diseased,2_10_2026,2_17_2026,4,Lagoon
275,082024_BEL_CBC_T3_1564_PAST,220,1_15_2025,3.08,,,082024,3_34,8/24/24,PAST,Healthy,UML_NARWHAL_R5_B27,UML_NARWHAL_R2_B15,y,Healthy,2_10_2026,2_17_2026,4,Lagoon
436,122022_BEL_CBC_T4_13_PSTR,112,7_3_2024,6.21,8_2_2024,UML_NARWHAL_R6_B27,122022,4_96,12/5/22,PSTR,Diseased_Tissue,UML_NARWHAL_R1_B5,UML_NARWHAL_R2_B26,n,Diseased,2_10_2026,2_17_2026,4,Curlew
395,122022_BEL_CBC_T2_101_OFAV,94,6_28_2023,13.3,10_17_2023,UML_NARWHAL_R6_B1,122022,2_80,12/4/22,OFAV,Diseased_Margin,Depleted_UML_NARWHAL_R1_B4,UML_NARWHAL_R2_B3,n,Diseased,2_10_2026,2_17_2026,4,SR30N
105,042024_BEL_CBC_T3_962_SSID,9,9_9_2024,19.4,,,042024,3_36,4/25/24,SSID,Diseased_Tissue,UML_NARWHAL_R5_B24,UML_NARWHAL_R2_B11,n,Diseased,2_10_2026,2_17_2026,4,Lagoon
69,042024_BEL_CBC_T1_1146_OANN,1,9_9_2024,14.6,,,042024,1_22,4/30/24,OANN,Diseased_Tissue,UML_NARWHAL_R5_B25,UML_NARWHAL_R2_B11,n,CLP,2_10_2026,2_17_2026,4,CBC30N
5,012024_BEL_CBC_T1_565_PAST,5,2_17_2025,7.72,,,012024,1_21,1/10/24,PAST,Bleached_Tissue,UML_NARWHAL_R5_B18,UML_NARWHAL_R2_B16,y,CLP,2_10_2026,2_17_2026,4,CBC30N
17,012024_BEL_CBC_T3_625_SSID,17,2_20_2025,16.2,,,012024,3_33,1/10/24,SSID,Healthy,UML_NARWHAL_R5_B18,UML_NARWHAL_R2_B16,y,DC,2_10_2026,2_17_2026,4,Lagoon
225,062024_BEL_CBC_T2_1393_PAST,170,12_4_2024,42.9,,,062024,2_57,6/21/24,PAST,Healthy,UML_NARWHAL_R5_B26,UML_NARWHAL_R2_B15,y,Healthy,2_10_2026,2_17_2026,4,SR30N
398,122022_BEL_CBC_T2_117_PSTR,97,7_3_2024,22.5,8_2_2024,UML_NARWHAL_R6_B27,122022,2_28,12/4/22,PSTR,Diseased_Tissue,UML_NARWHAL_R1_B4,UML_NARWHAL_R2_B26,n,Diseased,2_10_2026,2_17_2026,4,SR30N
309,092023_BEL_CBC_T3_172_PSTR,247,11_12_2024,168,,,092023,3_20,9/25/23,PSTR,Bleached_Tissue,UML_NARWHAL_R1_B11,UML_NARWHAL_R2_B12,y,CLP,2_10_2026,2_17_2026,4,Lagoon
242,062024_BEL_CBC_T4_1458_MCAV,187,1_13_2025,20.6,,,062024,4_30,6/22/24,MCAV,Healthy,UML_NARWHAL_R5_B26,UML_NARWHAL_R2_B15,y,Healthy,2_10_2026,2_17_2026,4,Curlew
459,122023_BEL_CBC_T2_517_SSID,350,11_18_2024,36.6,,,122023,2_99,12/15/23,SSID,Bleached_Tissue,UML_NARWHAL_R5_B19,UML_NARWHAL_R2_B13,y,CLP,2_10_2026,2_17_2026,4,SR30N
189,062019_BEL_CBC_T2_22_PAST,48,9_11_2024,1.2,10_6_2024,UML_NARWHAL_R6_B30,062019,2_56,6/25/19,PAST,Healthy,UML_NARWHAL_R1_B1,"UML_NARWHAL_R2_B29, UML_NARWHAL_R2_B34",n,Healthy,2_10_2026,2_17_2026,4,SR30N
85,042024_BEL_CBC_T2_1028_PAST,81,12_2_2024,28.5,,,042024,2_63,4/26/24,PAST,Healthy,UML_NARWHAL_R5_B24,UML_NARWHAL_R2_B14,y,Healthy,2_10_2026,2_17_2026,4,SR30N
353,112023_BEL_CBC_T2_308_PAST,277,11_13_2024,12.1,,,112023,2_63,11/14/23,PAST,Bleached_Tissue,UML_NARWHAL_R5_B19,UML_NARWHAL_R2_B12,y,CLB,2_10_2026,2_17_2026,4,SR30N
307,092023_BEL_CBC_T2_196_SSID,65,9_11_2024,11,,,092023,2_52,9/26/23,SSID,Diseased_Tissue,UML_NARWHAL_R1_B10,UML_NARWHAL_R2_B11,n,Diseased,2_10_2026,2_17_2026,4,SR30N
305,092023_BEL_CBC_T2_192_OFAV,63,9_11_2024,56,,,092023,2_80,9/26/23,OFAV,Diseased_Tissue,UML_NARWHAL_R1_B10,UML_NARWHAL_R2_B11,n,"CLP,CLB",2_10_2026,2_17_2026,4,SR30N
334,102019_BEL_CBC_T1_25_PSTR,73,5_25_2023,23.2,10_17_2023,UML_NARWHAL_R2_B1,102019,1_4,10/15/19,PSTR,Healthy,UML_NARWHAL_R1_B2,UML_NARWHAL_R2_B3,n,Healthy,2_11_2026,2_23_2026,4,CBC30N
385,122022_BEL_CBC_T1_136_OANN,90,6_28_2023,12.1,10_17_2023,UML_NARWHAL_R6_B1,122022,1_22,12/2/22,OANN,Diseased_Tissue,Depleted_UML_NARWHAL_R1_B4,UML_NARWHAL_R2_B3,n,Diseased,2_11_2026,2_23_2026,4,CBC30N
218,062024_BEL_CBC_T2_1372_OFAV,163,12_4_2024,98.6,,,062024,2_76,6/21/24,OFAV,Healthy,UML_NARWHAL_R5_B26,UML_NARWHAL_R2_B15,y,Healthy,2_11_2026,2_23_2026,4,SR30N
140,052022_BEL_CBC_T2_46_PSTR,24,10_10_2023,63.9,10_17_2023,UML_NARWHAL_R2_B1,052022,2_70,5/22/22,PSTR,Diseased_Tissue,UML_NARWHAL_R1_B8,UML_NARWHAL_R2_B3,n,Diseased,2_11_2026,2_23_2026,4,SR30N
176,062019_BEL_CBC_T1_24_MCAV,41,6_13_2022,21.2,11_5_2024,UML_NARWHAL_R6_B27,062019,1_15,6/26/19,MCAV,Healthy,Depleted_UML_NARWHAL_R1_B1,"UML_NARWHAL_R2_B32, UML_NARWHAL_R2_B33",n,Healthy,2_11_2026,2_23_2026,4,CBC30N
97,042024_BEL_CBC_T3_947_MCAV,89,12_3_2024,134,,,042024,3_21,4/25/24,MCAV,Healthy,UML_NARWHAL_R5_B24,UML_NARWHAL_R2_B14,y,Healthy,2_11_2026,2_23_2026,4,Lagoon
327,092023_BEL_CBC_T4_88_OFAV,72,9_11_2024,14.8,,,092023,4_100,9/26/23,OFAV,Diseased_Tissue,UML_NARWHAL_R1_B11,UML_NARWHAL_R2_B11,n,Diseased,2_11_2026,2_23_2026,4,Curlew
339,102019_BEL_CBC_T2_33_PSTR,79,6_6_2023,19,9_28_2023,UML_NARWHAL_R6_B1,102019,2_427,10/13/19,PSTR,Healthy,UML_NARWHAL_R1_B2,UML_NARWHAL_R2_B3,n,Healthy,2_11_2026,2_23_2026,4,SR30N
417,122022_BEL_CBC_T3_121_OFAV,323,6_22_2023,103.2,10_16_2023,UML_NARWHAL_R6_B1,122022,3_38,12/3/22,OFAV,Healthy,UML_NARWHAL_R1_B5,UML_NARWHAL_R2_B3,y,Healthy,2_11_2026,2_23_2026,4,Lagoon
270,082024_BEL_CBC_T3_1559_PSTR,215,1_15_2025,17.5,,,082024,3_20,8/24/24,PSTR,Healthy,UML_NARWHAL_R5_B27,UML_NARWHAL_R2_B15,y,Healthy,2_11_2026,2_23_2026,4,Lagoon
116,052022_BEL_CBC_T1_13_MCAV,13,2022,4.3,11_8_2024,UML_NARWHAL_R6_B27,052022,1_8,5/21/22,MCAV,Diseased_Tissue,Depleted_UML_NARWHAL_R1_B3,"UML_NARWHAL_R2_B32, UML_NARWHAL_R2_B35",n,Diseased,2_11_2026,2_23_2026,4,CBC30N
181,062019_BEL_CBC_T1_9_MCAV,46,2022,3.56,11_5_2024,UML_NARWHAL_R6_B27,062019,1_333,6/21/19,MCAV,Healthy,UML_NARWHAL_R1_B1,UML_NARWHAL_R2_B33,n,Healthy,2_11_2026,2_23_2026,4,CBC30N
120,052022_BEL_CBC_T1_39_MCAV,15,7_17_2024,7.32,10_29_2024,UML_NARWHAL_R6_B30,052022,1_14,5/21/22,MCAV,Diseased_Margin,UML_NARWHAL_R1_B3,UML_NARWHAL_R2_B26,n,Diseased,2_11_2026,2_23_2026,4,CBC30N
328,092023_BEL_CBC_T4_91_MCAV,259,11_12_2024,80.6,,,092023,4_28,9/26/23,MCAV,Healthy,UML_NARWHAL_R1_B11,UML_NARWHAL_R2_B12,y,Healthy,2_11_2026,2_23_2026,4,Curlew
318,092023_BEL_CBC_T3_183_SSID,256,11_12_2024,48.4,,,092023,3_33,9/25/23,SSID,Healthy,UML_NARWHAL_R1_B11,UML_NARWHAL_R2_B12,y,"CLP,DC",2_11_2026,2_23_2026,4,Lagoon
165,052022_BEL_CBC_T3_60_MCAV,37,6_14_2022,12,11_8_2024,UML_NARWHAL_R6_B27,052022,3_22,5/20/22,MCAV,Diseased_Tissue,UML_NARWHAL_R1_B3,"UML_NARWHAL_R2_B32, UML_NARWHAL_R2_B35",n,Diseased,2_11_2026,2_23_2026,4,Lagoon
360,112023_BEL_CBC_T3_347_MCAV,284,11_15_2024,10.1,,,112023,3_2,11/13/23,MCAV,Bleached_Tissue,UML_NARWHAL_R5_B19,UML_NARWHAL_R2_B12,y,CLP,2_11_2026,2_23_2026,4,Lagoon
75,042024_BEL_CBC_T1_933_SSID,2,9_9_2024,25.4,,,042024,1_5,4/25/24,SSID,Diseased_Tissue,UML_NARWHAL_R5_B24,UML_NARWHAL_R2_B11,n,Diseased,2_11_2026,2_23_2026,4,CBC30N
342,102019_BEL_CBC_T3_36_PSTR,83,6_6_2023,14.8,10_4_2023,UML_NARWHAL_R6_B1,102019,3_16,10/14/19,PSTR,Healthy,UML_NARWHAL_R1_B2,UML_NARWHAL_R2_B3,n,Healthy,2_11_2026,2_23_2026,4,Lagoon
439,122022_BEL_CBC_T4_3_MCAV,335,8_12_2024,0.314,10_6_2024,UML_NARWHAL_R6_B30,122022,4_76,12/5/22,MCAV,Healthy,UML_NARWHAL_R1_B5,UML_NARWHAL_R2_B26,y,Healthy,2_11_2026,2_23_2026,4,Curlew
114,052022_BEL_CBC_T1_11_PSTR,11,6_15_2023,3.2,10_17_2023,UML_NARWHAL_R2_B1,052022,1_4,5/21/22,PSTR,Diseased_Tissue,UML_NARWHAL_R1_B3,UML_NARWHAL_R2_B3,n,Diseased,2_11_2026,2_23_2026,4,CBC30N
435,122022_BEL_CBC_T4_12_PSTR,111,7_11_2024,3.49,10_29_2024,UML_NARWHAL_R6_B30,122022,4_96,12/5/22,PSTR,Diseased_Margin,UML_NARWHAL_R1_B5,UML_NARWHAL_R2_B26,n,Diseased,2_11_2026,2_23_2026,4,Curlew
441,122022_BEL_CBC_T4_35_PSTR,115,7_11_2024,13,8_2_2024,UML_NARWHAL_R6_B27,122022,4_97,12/5/22,PSTR,Diseased_Margin,UML_NARWHAL_R1_B5,UML_NARWHAL_R2_B26,n,Diseased,2_11_2026,2_23_2026,4,Curlew
335,102019_BEL_CBC_T1_27_PSTR,75,5_30_2023,19.1,10_17_2023,UML_NARWHAL_R2_B1,102019,1_6,10/15/19,PSTR,Healthy,UML_NARWHAL_R1_B2,UML_NARWHAL_R2_B3,n,Healthy,2_11_2026,2_23_2026,4,CBC30N
65,022024_BEL_CBC_T4_872_PSTR,65,11_26_2024,23.4,,,022024,4_79,2/24/24,PSTR,Healthy,UML_NARWHAL_R5_B23,UML_NARWHAL_R2_B13,y,Healthy,2_11_2026,2_23_2026,4,Curlew
461,122023_BEL_CBC_T2_519_PAST,352,11_18_2024,14.4,,,122023,2_63,12/15/23,PAST,Bleached_Tissue,UML_NARWHAL_R5_B19,UML_NARWHAL_R2_B13,y,"CLP,CLB",2_11_2026,2_23_2026,4,SR30N
223,062024_BEL_CBC_T2_1384_MCAV,168,12_4_2024,24.1,,,062024,2_55,6/21/24,MCAV,Healthy,UML_NARWHAL_R5_B26,UML_NARWHAL_R2_B15,y,Healthy,2_11_2026,2_23_2026,4,SR30N
128,052022_BEL_CBC_T1_60_MCAV,20,7_19_2024,4.47,10_29_2024,UML_NARWHAL_R6_B30,052022,1_14,5/21/22,MCAV,Diseased_Tissue,UML_NARWHAL_R1_B3,UML_NARWHAL_R2_B26,n,Diseased,2_11_2026,2_23_2026,4,CBC30N
162,052022_BEL_CBC_T3_54_PAST,35,8_9_2024,1.41,10_29_2024,UML_NARWHAL_R6_B30,052022,3_18,5/20/22,PAST,Diseased_Margin,UML_NARWHAL_R1_B3,UML_NARWHAL_R2_B26,n,Diseased,2_11_2026,2_23_2026,4,Lagoon
80,042024_BEL_CBC_T2_1017_MCAV,76,12_2_2024,4.47,,,042024,2_60,4/26/24,MCAV,Healthy,UML_NARWHAL_R5_B24,UML_NARWHAL_R2_B14,y,Healthy,2_11_2026,2_23_2026,4,SR30N
228,062024_BEL_CBC_T2_1402_MCAV,173,12_4_2024,26.4,,,062024,2_60,6/21/24,MCAV,Healthy,UML_NARWHAL_R5_B26,UML_NARWHAL_R2_B15,y,Healthy,2_11_2026,2_23_2026,4,SR30N
487,Negative_4,NA,,,,,    NA,0_0,,Negative,Negative,,,,Negative,NA,NA,0,
157,052022_BEL_CBC_T3_40_MCAV,30,6_14_2022,23,10_30_2024,UML_NARWHAL_R6_B27,052022,3_22,5/20/22,MCAV,Diseased_Margin,UML_NARWHAL_R1_B3,"UML_NARWHAL_R2_B32, UML_NARWHAL_R2_B35",n,Diseased,3_9_2026,3_12_2026,5,Lagoon
159,052022_BEL_CBC_T3_49_MCAV,32,6_14_2022,32,10_30_2024,UML_NARWHAL_R6_B27,052022,3_15,5/20/22,MCAV,Diseased_Tissue,Depleted_UML_NARWHAL_R1_B3,"UML_NARWHAL_R2_B32, UML_NARWHAL_R2_B35",n,Diseased,3_9_2026,3_12_2026,5,Lagoon
354,112023_BEL_CBC_T2_309_PAST,278,11_13_2024,5.92,,,112023,2_57,11/14/23,PAST,Bleached_Tissue,UML_NARWHAL_R5_B19,UML_NARWHAL_R2_B12,y,"CLP,CLB",3_9_2026,3_12_2026,5,SR30N
306,092023_BEL_CBC_T2_194_OANN,64,9_11_2024,28.4,,,092023,2_30,9/26/23,OANN,Diseased_Tissue,UML_NARWHAL_R1_B10,UML_NARWHAL_R2_B11,n,"CLP,CLB",3_9_2026,3_12_2026,5,SR30N
93,042024_BEL_CBC_T3_1057_SSID,8,9_9_2024,27.2,,,042024,3_28,4/25/24,SSID,Diseased_Tissue,UML_NARWHAL_R5_B24,UML_NARWHAL_R2_B11,n,Diseased,3_9_2026,3_12_2026,5,Lagoon
384,122022_BEL_CBC_T1_134_PAST,89,8_9_2024,1.21,10_29_2024,UML_NARWHAL_R6_B30,122022,1_20,12/4/22,PAST,Diseased_Margin,UML_NARWHAL_R1_B4,UML_NARWHAL_R2_B26,n,Diseased,3_9_2026,3_12_2026,5,CBC30N
158,052022_BEL_CBC_T3_48_MCAV,31,6_14_2022,25.2,10_30_2024,UML_NARWHAL_R6_B27,052022,3_15,5/20/22,MCAV,Diseased_Margin,UML_NARWHAL_R1_B3,"UML_NARWHAL_R2_B32, UML_NARWHAL_R2_B35",n,Diseased,3_9_2026,3_12_2026,5,Lagoon
403,122022_BEL_CBC_T2_86_MCAV,312,8_12_2024,0.093,10_6_2024,UML_NARWHAL_R6_B30,122022,2_60,12/4/22,MCAV,Healthy,UML_NARWHAL_R1_B4,UML_NARWHAL_R2_B26,y,Healthy,3_9_2026,3_12_2026,5,SR30N
447,122022_BEL_CBC_T4_9_OFAV,119,6_28_2023,9,10_17_2023,UML_NARWHAL_R6_B1,122022,4_100,12/5/22,OFAV,Diseased_Margin,Depleted_UML_NARWHAL_R1_B5,UML_NARWHAL_R2_B3,n,Diseased,3_9_2026,3_12_2026,5,Curlew
91,042024_BEL_CBC_T3_1011_SSID,6,9_9_2024,7.42,,,042024,3_19,4/25/24,SSID,Diseased_Tissue,UML_NARWHAL_R5_B24,UML_NARWHAL_R2_B11,n,Diseased,3_9_2026,3_12_2026,5,Lagoon
382,122022_BEL_CBC_T1_132_PSTR,87,7_3_2024,29.4,8_2_2024,UML_NARWHAL_R6_B27,122022,1_6,12/4/22,PSTR,Diseased_Tissue,UML_NARWHAL_R1_B4,UML_NARWHAL_R2_B26,n,Diseased,3_9_2026,3_12_2026,5,CBC30N
146,052022_BEL_CBC_T2_62_PAST,28,11_2_2024,0.522,11_8_2024,UML_NARWHAL_R6_B27,052022,2_56,5/22/22,PAST,Diseased_Tissue,UML_NARWHAL_R1_B8,UML_NARWHAL_R2_B29,n,Diseased,3_9_2026,3_12_2026,5,SR30N
148,052022_BEL_CBC_T2_72_OFAV,29,10_3_2023,47.6,10_11_23,UML_NARWHAL_R6_B1,052022,2_80,5/24/22,OFAV,Healthy,Depleted_UML_NARWHAL_R1_B8,UML_NARWHAL_R2_B3,n,Healthy,3_9_2026,3_12_2026,5,SR30N
453,122023_BEL_CBC_T1_511_OANN,344,11_18_2024,7.38,,,122023,1_25,12/16/23,OANN,Bleached_Tissue,UML_NARWHAL_R5_B19,UML_NARWHAL_R2_B13,y,CLP,3_9_2026,3_12_2026,5,CBC30N
390,122022_BEL_CBC_T1_152_PAST,307,8_19_2024,1.16,9_28_2024,UML_NARWHAL_R6_B30,122022,1_13,12/2/22,PAST,Healthy,UML_NARWHAL_R1_B4,"UML_NARWHAL_R2_B29, UML_NARWHAL_R2_B34",y,Healthy,3_9_2026,3_12_2026,5,CBC30N
424,122022_BEL_CBC_T3_129_PAST,105,8_9_2024,0.976,11_8_2024,UML_NARWHAL_R6_B27,122022,3_18,12/3/22,PAST,Diseased_Margin,UML_NARWHAL_R1_B5,UML_NARWHAL_R2_B29,n,Diseased,3_9_2026,3_12_2026,5,Lagoon
76,042024_BEL_CBC_T1_938_SSID,3,9_9_2024,4.08,,,042024,1_16,4/25/24,SSID,Diseased_Tissue,UML_NARWHAL_R5_B24,UML_NARWHAL_R2_B11,n,Diseased,3_9_2026,3_12_2026,5,CBC30N
74,042024_BEL_CBC_T1_932_SSID,73,11_4_2024,3.14,,,042024,1_3,4/25/24,SSID,Diseased_Margin,UML_NARWHAL_R5_B24,UML_NARWHAL_R2_B11,y,Diseased,3_9_2026,3_12_2026,5,CBC30N
323,092023_BEL_CBC_T3_220_SSID,68,9_11_2024,17.2,,,092023,3_28,9/25/23,SSID,Diseased_Tissue,UML_NARWHAL_R1_B11,UML_NARWHAL_R2_B11,n,Diseased,3_9_2026,3_12_2026,5,Lagoon
143,052022_BEL_CBC_T2_60_PAST,26,8_9_2024,2.44,10_29_2024,UML_NARWHAL_R6_B30,052022,2_56,5/22/22,PAST,Diseased_Margin,UML_NARWHAL_R1_B8,UML_NARWHAL_R2_B26,n,Diseased,3_9_2026,3_12_2026,5,SR30N
445,122022_BEL_CBC_T4_5_MCAV,117,7_17_2024,14.5,10_29_2024,UML_NARWHAL_R6_B30,122022,4_94,12/5/22,MCAV,Diseased_Margin,UML_NARWHAL_R1_B5,UML_NARWHAL_R2_B26,n,Diseased,3_9_2026,3_12_2026,5,Curlew
205,062019_BEL_CBC_T3_4_PAST,151,9_11_2024,33.7,10_6_2024,UML_NARWHAL_R6_B30,062019,3_6,6/23/19,PAST,Healthy,UML_NARWHAL_R1_B1,"UML_NARWHAL_R2_B29, UML_NARWHAL_R2_B33",y,Healthy,3_9_2026,3_12_2026,5,Lagoon
57,022024_BEL_CBC_T3_849_PSTR,57,11_26_2024,81,,,022024,3_20,2/24/24,PSTR,Healthy,UML_NARWHAL_R5_B23,UML_NARWHAL_R2_B13,y,Healthy,3_9_2026,3_12_2026,5,Lagoon
399,122022_BEL_CBC_T2_118_OANN,98,6_28_2023,16,10_17_2023,UML_NARWHAL_R6_B1,122022,2_30,12/4/22,OANN,Diseased_Margin,Depleted_UML_NARWHAL_R1_B4,UML_NARWHAL_R2_B3,n,Diseased,3_9_2026,3_12_2026,5,SR30N
261,082024_BEL_CBC_T2_1515_MCAV,206,1_14_2025,RECHECK,,,082024,2_60,8/23/24,MCAV,Healthy,UML_NARWHAL_R5_B27,UML_NARWHAL_R2_B15,y,Healthy,3_9_2026,3_12_2026,5,SR30N
201,062019_BEL_CBC_T3_23_PAST,56,2022,4.22,10_6_2024,"UML_NARWHAL_R6_B30, (enrichment from 2022 extract - JF_TEMP)",062019,3_24,6/23/19,PAST,Healthy,UML_NARWHAL_R1_B1,"UML_NARWHAL_R2_B32, UML_NARWHAL_R2_B29, UML_NARWHAL_R2_B34",n,Healthy,3_9_2026,3_12_2026,5,Lagoon
92,042024_BEL_CBC_T3_1012_SSID,7,9_9_2024,32.2,,,042024,3_3,4/25/24,SSID,Diseased_Tissue,UML_NARWHAL_R5_B24,UML_NARWHAL_R2_B11,n,Diseased,3_9_2026,3_12_2026,5,Lagoon
391,122022_BEL_CBC_T1_155_PAST,93,8_19_2024,3.08,9_28_2024,UML_NARWHAL_R6_B30,122022,1_19,12/2/22,PAST,Healthy,UML_NARWHAL_R1_B4,"UML_NARWHAL_R2_B29, UML_NARWHAL_R2_B34",n,Healthy,3_9_2026,3_12_2026,5,CBC30N
465,122023_BEL_CBC_T3_479_PAST,356,11_19_2024,1.75,,,122023,3_34,12/16/23,PAST,Healthy,UML_NARWHAL_R5_B19,UML_NARWHAL_R2_B13,y,Healthy,3_9_2026,3_12_2026,5,Lagoon
221,062024_BEL_CBC_T2_1381_SSID,166,9_10_2024,36,,,062024,2_99,6/21/24,SSID,Diseased_Tissue,UML_NARWHAL_R5_B26,UML_NARWHAL_R2_B11,y,Diseased,3_9_2026,3_12_2026,5,SR30N
473,122023_BEL_CBC_T3_530_PSTR,364,11_19_2024,1.18,,,122023,3_20,12/16/23,PSTR,Healthy,UML_NARWHAL_R5_B19,UML_NARWHAL_R2_B13,y,Healthy,3_9_2026,3_12_2026,5,Lagoon
383,122022_BEL_CBC_T1_133_PSTR,88,7_11_2024,9.9,8_2_2024,UML_NARWHAL_R6_B27,122022,1_6,12/2/22,PSTR,Diseased_Margin,UML_NARWHAL_R1_B4,UML_NARWHAL_R2_B26,n,Diseased,3_10_2026,3_13_2026,5,CBC30N
161,052022_BEL_CBC_T3_51_MCAV,34,6_14_2022,18.6,10_30_2024,UML_NARWHAL_R6_B27,052022,3_17,5/20/22,MCAV,Diseased_Tissue,Depleted_UML_NARWHAL_R1_B3,"UML_NARWHAL_R2_B32, UML_NARWHAL_R2_B35",n,Diseased,3_10_2026,3_13_2026,5,Lagoon
94,042024_BEL_CBC_T3_942_PAST,86,12_3_2024,6.77,,,042024,3_34,4/25/24,PAST,Healthy,UML_NARWHAL_R5_B24,UML_NARWHAL_R2_B14,y,Healthy,3_10_2026,3_13_2026,5,Lagoon
77,042024_BEL_CBC_T1_940_SSID,4,9_9_2024,63.2,,,042024,1_17,4/25/24,SSID,Diseased_Tissue,UML_NARWHAL_R5_B24,UML_NARWHAL_R2_B11,n,"Diseased, CLP",3_10_2026,3_13_2026,5,CBC30N
197,062019_BEL_CBC_T3_12_PAST,53,2022,1.75,11_6_2024,UML_NARWHAL_R6_B27,062019,3_18,6/23/19,PAST,Healthy,UML_NARWHAL_R1_B1,"UML_NARWHAL_R2_B29, UML_NARWHAL_R2_B35, UML_NARWHAL_R2_B32",n,Healthy,3_10_2026,3_13_2026,5,Lagoon
319,092023_BEL_CBC_T3_184_PAST,257,11_12_2024,44.8,,,092023,3_34,9/25/23,PAST,Healthy,UML_NARWHAL_R1_B11,UML_NARWHAL_R2_B12,y,Healthy,3_10_2026,3_13_2026,5,Lagoon
113,052022_BEL_CBC_T1_10_PSTR,10,6_15_2023,11.1,10_17_2023,UML_NARWHAL_R2_B1,052022,1_4,5/21/22,PSTR,Diseased_Margin,UML_NARWHAL_R1_B3,UML_NARWHAL_R2_B3,n,Diseased,3_10_2026,3_13_2026,5,CBC30N
211,062024_BEL_CBC_T1_1344_SSID,156,9_10_2024,19.8,,,062024,1_3,6/21/24,SSID,Diseased_Tissue,UML_NARWHAL_R5_B26,UML_NARWHAL_R2_B11,y,Diseased,3_10_2026,3_13_2026,5,CBC30N
119,052022_BEL_CBC_T1_34_PAST,105,8_19_2024,1.31,10_6_2024,UML_NARWHAL_R6_B30,052022,1_21,5/21/22,PAST,Healthy,UML_NARWHAL_R1_B3,"UML_NARWHAL_R2_B29, UML_NARWHAL_R2_B34",y,Healthy,3_10_2026,3_13_2026,5,CBC30N
100,042024_BEL_CBC_T3_953_MCAV,92,12_3_2024,129,,,042024,3_14,4/25/24,MCAV,Healthy,UML_NARWHAL_R5_B24,UML_NARWHAL_R2_B14,y,Healthy,3_10_2026,3_13_2026,5,Lagoon
204,062019_BEL_CBC_T3_31_PAST,150,2022,3.18,10_30_24,all_sent_for_sequencing,062019,3_34,6/23/19,PAST,Healthy,UML_NARWHAL_R1_B1,"UML_NARWHAL_R2_B32, UML_NARWHAL_R2_B35, UML_NARWHAL_R2_B29, UML_NARWHAL_R2_B26, UML_NARWHAL_R2_B34",y,Healthy,3_10_2026,3_13_2026,5,Lagoon
58,022024_BEL_CBC_T3_850_MCAV,58,11_26_2024,91.5,,,022024,3_21,2/24/24,MCAV,Healthy,UML_NARWHAL_R5_B23,UML_NARWHAL_R2_B13,y,Healthy,3_10_2026,3_13_2026,5,Lagoon
193,062019_BEL_CBC_T2_26_SSID,146,1_13_2025,15.1,,,062019,2_72,6/25/19,SSID,Healthy,UML_NARWHAL_R1_B1,UML_NARWHAL_R2_B15,y,Healthy,3_10_2026,3_13_2026,5,SR30N
380,122022_BEL_CBC_T1_122_PSTR,303,7_12_2024,9.58,8_6_2024,UML_NARWHAL_R6_B27,122022,1_12,12/2/22,PSTR,Healthy,UML_NARWHAL_R1_B4,UML_NARWHAL_R2_B26,y,Healthy,3_10_2026,3_13_2026,5,CBC30N
340,102019_BEL_CBC_T2_35_PSTR,80,7_12_2024,19,8_6_2024,UML_NARWHAL_R6_B27,102019,2_70,10/13/19,PSTR,Healthy,UML_NARWHAL_R1_B2,UML_NARWHAL_R2_B26,n,Healthy,3_10_2026,3_13_2026,5,SR30N
402,122022_BEL_CBC_T2_85_MCAV,100,8_12_2024,0.162,11_6_2024,UML_NARWHAL_R6_B27,122022,2_59,12/4/22,MCAV,Healthy,UML_NARWHAL_R1_B4,UML_NARWHAL_R2_B29,n,Healthy,3_10_2026,3_13_2026,5,SR30N
86,042024_BEL_CBC_T2_1030_SSID,5,9_9_2024,24.6,,,042024,2_52,4/26/24,SSID,Diseased_Tissue,UML_NARWHAL_R5_B24,UML_NARWHAL_R2_B11,n,Diseased,3_10_2026,3_13_2026,5,SR30N
412,122022_BEL_CBC_T2_96_SSID,319,1_13_2025,12.1,,,122022,2_72,12/4/22,SSID,Healthy,UML_NARWHAL_R1_B4,UML_NARWHAL_R2_B15,y,CLB,3_10_2026,3_13_2026,5,SR30N
288,092023_BEL_CBC_T1_177_PSTR,233,11_8_2024,29,,,092023,1_12,9/25/23,PSTR,Healthy,UML_NARWHAL_R1_B10,UML_NARWHAL_R2_B12,y,Healthy,3_10_2026,3_13_2026,5,CBC30N
418,122022_BEL_CBC_T3_122_PAST,104,9_11_2024,1.79,9_28_2024,UML_NARWHAL_R6_B30,122022,3_24,12/3/22,PAST,Healthy,UML_NARWHAL_R1_B5,UML_NARWHAL_R2_B29,n,Healthy,3_10_2026,3_13_2026,5,Lagoon
121,052022_BEL_CBC_T1_4_PSTR,16,6_8_2023,28.2,10_6_2023,UML_NARWHAL_R6_B1,052022,1_6,5/21/22,PSTR,Healthy,UML_NARWHAL_R1_B3,UML_NARWHAL_R2_B3,n,Healthy,3_10_2026,3_13_2026,5,CBC30N
259,082024_BEL_CBC_T2_1513_PAST,204,1_14_2025,80.8,,,082024,2_57,8/23/24,PAST,Healthy,UML_NARWHAL_R5_B27,UML_NARWHAL_R2_B15,y,Healthy,3_10_2026,3_13_2026,5,SR30N
12,012024_BEL_CBC_T2_597_PAST,12,2_17_2025,1.88,,,012024,2_57,1/12/24,PAST,Healthy,UML_NARWHAL_R5_B18,UML_NARWHAL_R2_B16,y,Healthy,3_10_2026,3_13_2026,5,SR30N
425,122022_BEL_CBC_T3_132_MCAV,106,7_19_2024,14.1,10_29_2024,UML_NARWHAL_R6_B30,122022,3_15,12/3/22,MCAV,Diseased_Tissue,UML_NARWHAL_R1_B5,UML_NARWHAL_R2_B26,n,Diseased,3_10_2026,3_13_2026,5,Lagoon
25,012024_BEL_CBC_T3_640_MCAV,25,2_20_2025,7.4,,,012024,3_14,1/10/24,MCAV,Healthy,UML_NARWHAL_R5_B18,UML_NARWHAL_R2_B16,y,Healthy,3_10_2026,3_13_2026,5,Lagoon
426,122022_BEL_CBC_T3_133_MCAV,107,7_17_2024,3.5,10_29_2024,UML_NARWHAL_R6_B30,122022,3_15,12/3/22,MCAV,Diseased_Margin,UML_NARWHAL_R1_B5,UML_NARWHAL_R2_B26,n,Diseased,3_10_2026,3_13_2026,5,Lagoon
207,062019_BEL_CBC_T3_7_PAST,153,6_17_2022,7.28,10_30_24,UML_NARWHAL_R6_B27,062019,3_10,6/23/19,PAST,Healthy,UML_NARWHAL_R1_B1,"UML_NARWHAL_R2_B32, UML_NARWHAL_R2_B35",y,Healthy,3_10_2026,3_13_2026,5,Lagoon
324,092023_BEL_CBC_T3_264_SSID,69,9_11_2024,30.8,,,092023,3_65,9/25/23,SSID,Diseased_Tissue,UML_NARWHAL_R1_B11,UML_NARWHAL_R2_B11,n,Diseased,3_10_2026,3_13_2026,5,Lagoon
199,062019_BEL_CBC_T3_15_MCAV,55,6_13_2022,22.4,10_30_24,UML_NARWHAL_R6_B27,062019,3_22,6/23/19,MCAV,Healthy,UML_NARWHAL_R1_B1,"UML_NARWHAL_R2_B33, UML_NARWHAL_R2_B32, UML_NARWHAL_R2_B35",n,Healthy,3_10_2026,3_13_2026,5,Lagoon
364,112023_BEL_CBC_T3_351_OFAV,288,11_15_2024,45.2,,,112023,3_66,11/13/23,OFAV,Healthy,UML_NARWHAL_R5_B19,UML_NARWHAL_R2_B12,y,Healthy,3_10_2026,3_13_2026,5,Lagoon
235,062024_BEL_CBC_T3_1430_PSTR,180,1_13_2025,9.52,,,062024,3_20,6/20/24,PSTR,Healthy,UML_NARWHAL_R5_B26,UML_NARWHAL_R2_B15,y,Healthy,3_10_2026,3_13_2026,5,Lagoon
34,022024_BEL_CBC_T1_773_SSID,34,11_22_2024,61.8,,,022024,1_3,2/23/24,SSID,Healthy,UML_NARWHAL_R5_B23,UML_NARWHAL_R2_B13,y,Diseased,3_11_2026,3_16_2026,5,CBC30N
433,122022_BEL_CBC_T4_10_OFAV,110,6_28_2023,6.4,10_17_2023,UML_NARWHAL_R6_B1,122022,4_100,12/5/22,OFAV,Diseased_Tissue,Depleted_UML_NARWHAL_R1_B5,UML_NARWHAL_R2_B3,n,Diseased,3_11_2026,3_16_2026,5,Curlew
172,062019_BEL_CBC_T1_17_MCAV,39,2022,4.34,11_5_2024,UML_NARWHAL_R6_B27,062019,1_14,6/24/19,MCAV,Healthy,UML_NARWHAL_R1_B1,UML_NARWHAL_R2_B33,n,Healthy,3_11_2026,3_16_2026,5,CBC30N
443,122022_BEL_CBC_T4_38_MCAV,337,8_12_2024,3.1,10_6_2024,UML_NARWHAL_R6_B30,122022,4_28,12/5/22,MCAV,Healthy,UML_NARWHAL_R1_B5,UML_NARWHAL_R2_B26,y,Healthy,3_11_2026,3_16_2026,5,Curlew
325,092023_BEL_CBC_T3_90_SSID,70,9_11_2024,7.36,,,092023,3_28,9/25/23,SSID,Diseased_Tissue,UML_NARWHAL_R1_B11,UML_NARWHAL_R2_B11,n,Diseased,3_11_2026,3_16_2026,5,Lagoon
423,122022_BEL_CBC_T3_128_MCAV,328,8_12_2024,1.07,10_6_2024,UML_NARWHAL_R6_B30,122022,3_21,12/3/22,MCAV,Healthy,UML_NARWHAL_R1_B5,UML_NARWHAL_R2_B26,y,Healthy,3_11_2026,3_16_2026,5,Lagoon
117,052022_BEL_CBC_T1_17_SSID,14,2022,NA,,,052022,1_17,5/21/22,SSID,Diseased_Tissue,UML_NARWHAL_R1_B3,"UML_NARWHAL_R2_B32,  UML_NARWHAL_R2_B35",n,Diseased,3_11_2026,3_16_2026,5,CBC30N
53,022024_BEL_CBC_T3_845_SSID,53,11_26_2024,82.6,,,022024,3_5,2/24/24,SSID,Healthy,UML_NARWHAL_R5_B23,UML_NARWHAL_R2_B13,y,Healthy,3_11_2026,3_16_2026,5,Lagoon
260,082024_BEL_CBC_T2_1514_MCAV,205,1_14_2025,98.8,,,082024,2_55,8/23/24,MCAV,Healthy,UML_NARWHAL_R5_B27,UML_NARWHAL_R2_B15,y,Healthy,3_11_2026,3_16_2026,5,SR30N
243,062024_BEL_CBC_T4_1461_OFAV,188,12_5_2024,25.5,,,062024,4_78,6/22/24,OFAV,Healthy,UML_NARWHAL_R5_B26,UML_NARWHAL_R2_B15,y,Healthy,3_11_2026,3_16_2026,5,Curlew
362,112023_BEL_CBC_T3_349_PAST,286,11_15_2024,5.72,,,112023,3_6,11/13/23,PAST,Bleached_Tissue,UML_NARWHAL_R5_B19,UML_NARWHAL_R2_B12,y,CLB,3_11_2026,3_16_2026,5,Lagoon
415,122022_BEL_CBC_T3_119_MCAV,321,8_12_2024,0.388,10_6_2024,UML_NARWHAL_R6_B30,122022,3_2,12/3/22,MCAV,Healthy,UML_NARWHAL_R1_B5,UML_NARWHAL_R2_B26,y,Healthy,3_11_2026,3_16_2026,5,Lagoon
61,022024_BEL_CBC_T3_853_SSID,61,11_26_2024,34.1,,,022024,3_33,2/24/24,SSID,Healthy,UML_NARWHAL_R5_B23,UML_NARWHAL_R2_B13,y,DC,3_11_2026,3_16_2026,5,Lagoon
322,092023_BEL_CBC_T3_198_SSID,67,9_11_2024,12.9,,,092023,3_19,9/25/23,SSID,Diseased_Tissue,UML_NARWHAL_R1_B11,UML_NARWHAL_R2_B11,n,Diseased,3_11_2026,3_16_2026,5,Lagoon
208,062019_BEL_CBC_T3_8_MCAV,154,2022,13.3,11_5_2024,UML_NARWHAL_R6_B27,062019,3_14,6/23/19,MCAV,Healthy,UML_NARWHAL_R1_B1,"UML_NARWHAL_R2_B32, UML_NARWHAL_R2_B33, UML_NARWHAL_R2_B29, UML_NARWHAL_R2_B35",y,Healthy,3_11_2026,3_16_2026,5,Lagoon
171,062019_BEL_CBC_T1_16_MCAV,38,2022,15.5,10_30_24,UML_NARWHAL_R6_B27,062019,1_8,6/24/19,MCAV,Healthy,UML_NARWHAL_R1_B1,"UML_NARWHAL_R2_B32, UML_NARWHAL_R2_B35, UML_NARWHAL_R2_B33",n,Healthy,3_11_2026,3_16_2026,5,CBC30N
192,062019_BEL_CBC_T2_25_PAST,145,8_19_2024,1.88,10_6_2024,UML_NARWHAL_R6_B30,062019,2_63,6/25/19,PAST,Healthy,UML_NARWHAL_R1_B1,"UML_NARWHAL_R2_B35, UML_NARWHAL_R2_B29, UML_NARWHAL_R2_B34",y,Healthy,3_11_2026,3_16_2026,5,SR30N
209,062019_BEL_CBC_T3_9_MCAV,58,2022,5.2,11_5_2024,all_sent_for_sequencing,062019,3_15,6/23/19,MCAV,Healthy,UML_NARWHAL_R1_B1,"UML_NARWHAL_R2_B32, UML_NARWHAL_R2_B35, UML_NARWHAL_R2_B33",n,Healthy,3_11_2026,3_16_2026,5,Lagoon
291,092023_BEL_CBC_T1_190_OANN,60,9_11_2024,14.7,,,092023,1_22,9/27/23,OANN,Diseased_Tissue,UML_NARWHAL_R1_B10,UML_NARWHAL_R2_B11,n,Diseased,3_11_2026,3_16_2026,5,CBC30N
293,092023_BEL_CBC_T1_196_SSID,62,9_11_2024,20.6,,,092023,1_17,9/27/23,SSID,Diseased_Tissue,UML_NARWHAL_R1_B10,UML_NARWHAL_R2_B11,n,"Diseased, CLB",3_11_2026,3_16_2026,5,CBC30N
138,052022_BEL_CBC_T2_4_MCAV,116,8_12_2024,0.094,10_6_2024,UML_NARWHAL_R6_B30,052022,2_69,5/22/22,MCAV,Healthy,UML_NARWHAL_R1_B8,UML_NARWHAL_R2_B26,y,Healthy,3_11_2026,3_16_2026,5,SR30N
387,122022_BEL_CBC_T1_144_MCAV,92,7_19_2024,3.03,10_29_2024,UML_NARWHAL_R6_B30,122022,1_8,12/2/22,MCAV,Diseased_Tissue,UML_NARWHAL_R1_B4,UML_NARWHAL_R2_B26,n,Diseased,3_11_2026,3_16_2026,5,CBC30N
416,122022_BEL_CBC_T3_120_SSID,322,1_14_2025,11.8,,,122022,3_5,12/3/22,SSID,Healthy,UML_NARWHAL_R1_B5,UML_NARWHAL_R2_B15,y,Healthy,3_11_2026,3_16_2026,5,Lagoon
442,122022_BEL_CBC_T4_36_PSTR,116,7_3_2024,34.8,8_2_2024,UML_NARWHAL_R6_B27,122022,4_97,12/5/22,PSTR,Diseased_Tissue,UML_NARWHAL_R1_B5,UML_NARWHAL_R2_B26,n,Diseased,3_11_2026,3_16_2026,5,Curlew
446,122022_BEL_CBC_T4_6_MCAV,118,7_19_2024,37.3,10_29_2024,UML_NARWHAL_R6_B30,122022,4_94,12/5/22,MCAV,Diseased_Tissue,UML_NARWHAL_R1_B5,UML_NARWHAL_R2_B26,n,Diseased,3_11_2026,3_16_2026,5,Curlew
163,052022_BEL_CBC_T3_55_PAST,36,8_9_2024,0.933,11_8_2024,UML_NARWHAL_R6_B27,052022,3_18,5/20/22,PAST,Diseased_Tissue,UML_NARWHAL_R1_B3,UML_NARWHAL_R2_B29,n,Diseased,3_11_2026,3_16_2026,5,Lagoon
129,052022_BEL_CBC_T1_61_PAST,21,8_19_2024,8.35,9_28_2024,UML_NARWHAL_R6_B30,052022,1_20,5/21/22,PAST,Healthy,UML_NARWHAL_R1_B3,"UML_NARWHAL_R2_B29, UML_NARWHAL_R2_B34",n,Healthy,3_11_2026,3_16_2026,5,CBC30N
413,122022_BEL_CBC_T3_115_PAST,103,8_9_2024,1.21,10_29_2024,UML_NARWHAL_R6_B30,122022,3_18,12/3/22,PAST,Diseased_Tissue,UML_NARWHAL_R1_B5,UML_NARWHAL_R2_B26,n,Diseased,3_11_2026,3_16_2026,5,Lagoon
64,022024_BEL_CBC_T4_871_PSTR,64,11_26_2024,91.4,,,022024,4_98,2/24/24,PSTR,Bleached_Tissue,UML_NARWHAL_R5_B23,UML_NARWHAL_R2_B13,y,CLP,3_11_2026,3_16_2026,5,Curlew
430,122022_BEL_CBC_T3_147_OFAV,331,6_22_2023,50.7,10_11_23,UML_NARWHAL_R6_B1,122022,3_66,12/3/22,OFAV,Healthy,UML_NARWHAL_R1_B5,UML_NARWHAL_R2_B3,y,Healthy,3_11_2026,3_16_2026,5,Lagoon
429,122022_BEL_CBC_T3_145_MCAV,108,7_19_2024,5.74,10_29_2024,UML_NARWHAL_R6_B30,122022,3_67,12/3/22,MCAV,Diseased_Tissue,UML_NARWHAL_R1_B5,UML_NARWHAL_R2_B26,n,Diseased,3_11_2026,3_16_2026,5,Lagoon
54,022024_BEL_CBC_T3_846_OFAV,54,3_16_2026,90,,,022024,3_66,2/24/24,OFAV,Healthy,UML_NARWHAL_R5_B23,UML_NARWHAL_R2_B16,y,Healthy,3_17_2026,3_17_2026,5,Lagoon
203,062019_BEL_CBC_T3_28_SSID,57,,NA,,,062019,3_24,6/23/19,SSID,Healthy,Depleted_UML_NARWHAL_R1_B1,UML_NARWHAL_R2_B35,n,Healthy,3_17_2026,3_17_2026,5,Lagoon
488,Negative_5,NA,,,,,    NA,0_0,,Negative,Negative,,,,Negative,NA,NA,0,