"","ITS2.type.profile.UID","Clade","Majority.ITS2.sequence","Associated.species","ITS2.profile.abundance.local","ITS2.profile.abundance.DB","ITS2.type.profile","Sequence.accession...SymPortal.UID","Average.defining.sequence.proportions.and..stdev."
"1",1661676,"A","A3/A4/A13","Symbiodinium natans,Symbiodinium tridacnidorum,Symbiodinium necroappetens",21,26,"A3/A4/A13-A4a","22385/29206/8181-40166","0.634[0.211]/0.150[0.114]-0.111[0.095]/0.105[0.186]"
"2",1661811,"A","A3","Symbiodinium natans,Symbiodinium tridacnidorum",11,230,"A3","22385","1.000[0.000]"
"3",1661272,"A","A3/A4","Symbiodinium natans,Symbiodinium tridacnidorum",10,22,"A3/A4/A4a","22385/29206-40166","0.657[0.295]/0.198[0.147]-0.144[0.151]"
"4",1661422,"A","A3bb/A3bt","None",9,322,"A3bb/A3bt","","0.515[0.062]/0.485[0.062]"
"5",1661525,"A","A3/A13","Symbiodinium natans,Symbiodinium tridacnidorum,Symbiodinium necroappetens",8,28,"A3/A13","","0.627[0.220]/0.373[0.220]"
"6",1661677,"A","A4/A3/A4a","Symbiodinium natans,Symbiodinium tridacnidorum",8,8,"A4/A3/A4a-A4d","29206/22385/40166-29900","0.330[0.130]/0.292[0.241]/0.288[0.136]-0.089[0.061]"
"7",1661737,"A","A4","None",7,10,"A4-A4fe-A4bk-A4au","29206-318716-29353-37992","0.696[0.145]-0.134[0.081]-0.088[0.042]-0.082[0.052]"
"8",1669273,"A","A3","Symbiodinium natans,Symbiodinium tridacnidorum",6,15,"A3-A4","22385-29206","0.859[0.065]-0.141[0.065]"
"9",1661179,"A","A3","Symbiodinium natans,Symbiodinium tridacnidorum",4,5,"A3-A3ah-A3m","22385-36733-363106","0.934[0.015]-0.044[0.003]-0.022[0.013]"
"10",1661509,"A","A13","Symbiodinium necroappetens",3,13,"A13-A13o","8181-30487","0.978[0.006]-0.022[0.006]"
"11",1661675,"A","A4a","None",3,3,"A4a-A4-A4d","40166-29206-29900","0.566[0.036]-0.282[0.022]-0.152[0.058]"
"12",1661197,"A","A4","None",2,23,"A4/A4a","29206-40166","0.617[0.156]-0.383[0.156]"
"13",1661455,"A","A4a","None",2,15,"A4/A4a-A4dz","40166-29206-136994","0.503[0.001]-0.490[0.001]-0.007[0.002]"
"14",1661108,"A","A3","Symbiodinium natans,Symbiodinium tridacnidorum",2,5,"A3-A3t-A3ad","22385-35445-35231","0.968[0.000]-0.022[0.000]-0.010[0.000]"
"15",1661804,"A","A4","None",2,114,"A4","29206","1.000[0.000]"
"16",1661309,"A","A3","Symbiodinium natans,Symbiodinium tridacnidorum",2,16,"A3/A3ah","22385-36733","0.950[0.000]-0.050[0.000]"
"17",1661568,"A","A13","Symbiodinium necroappetens",1,21,"A13/A4","8181-29206","0.992[nan]-0.008[nan]"
"18",1669274,"A","A4","None",1,31,"A4-A3","29206-22385","0.844[nan]-0.156[nan]"
"19",1661777,"A","A1pp","None",1,8,"A1pp/A1er","63479-64772","0.715[nan]-0.285[nan]"
"20",1661400,"A","A3","Symbiodinium natans,Symbiodinium tridacnidorum",1,15,"A3-A3ft","22385-905679","0.994[nan]-0.006[nan]"
"21",1661027,"A","A3","Symbiodinium natans,Symbiodinium tridacnidorum",1,60,"A3-A3s-A3q-A3r","22385-63388-22438-22472","0.885[nan]-0.059[nan]-0.034[nan]-0.022[nan]"
"22",1661028,"A","A3","Symbiodinium natans,Symbiodinium tridacnidorum",1,52,"A3-A3m","22385-363106","0.954[nan]-0.046[nan]"
"23",1662589,"B","B1/B14d","Breviolum aenigmaticum,Breviolum dendrogyrum,Breviolum meandrinium,Breviolum minutum,Breviolum pseudominutum,Breviolum aenigmaticum,Breviolum dendrogyrum,Breviolum meandrinium,Breviolum minutum,Breviolum pseudominutum",35,35,"B1/B14d-B1jp-B1jn-B1jo-B1co-B1jq","4946/693411-31037-697953-2533813-30454-6483635","0.444[0.164]/0.247[0.079]-0.124[0.047]-0.066[0.026]-0.060[0.027]-0.032[0.014]-0.027[0.012]"
"24",1662122,"B","B1","Breviolum aenigmaticum,Breviolum dendrogyrum,Breviolum meandrinium,Breviolum minutum,Breviolum pseudominutum",7,83,"B1-B1g-B1s-B1bz","4946-29275-51798-53344","0.805[0.039]-0.092[0.022]-0.059[0.019]-0.045[0.008]"
"25",1662585,"B","B1","Breviolum aenigmaticum,Breviolum dendrogyrum,Breviolum meandrinium,Breviolum minutum,Breviolum pseudominutum",7,7,"B1-B1jm","4946-6483638","0.922[0.036]-0.078[0.036]"
"26",1662786,"B","B1gc","None",5,12,"B1gc","30340","1.000[0.000]"
"27",1662586,"B","B1","Breviolum aenigmaticum,Breviolum dendrogyrum,Breviolum meandrinium,Breviolum minutum,Breviolum pseudominutum",4,4,"B1-B14d-B1jn-B1jp-B1jo","4946-693411-697953-31037-2533813","0.620[0.267]-0.157[0.134]-0.103[0.133]-0.080[0.043]-0.040[0.026]"
"28",1662588,"B","B1","Breviolum aenigmaticum,Breviolum dendrogyrum,Breviolum meandrinium,Breviolum minutum,Breviolum pseudominutum",4,4,"B1-B14d-B1jp-B1jn-B1jo-B1co","4946-693411-31037-697953-2533813-30454","0.739[0.085]-0.112[0.021]-0.058[0.031]-0.040[0.022]-0.035[0.018]-0.016[0.005]"
"29",1662391,"B","B1","Breviolum aenigmaticum,Breviolum dendrogyrum,Breviolum meandrinium,Breviolum minutum,Breviolum pseudominutum",3,9,"B1-B1g-B1h","4946-29227-29275","0.936[0.048]-0.038[0.028]-0.026[0.020]"
"30",1662663,"B","B1/B5","Breviolum aenigmaticum,Breviolum dendrogyrum,Breviolum meandrinium,Breviolum minutum,Breviolum pseudominutum",3,14,"B5/B1-B5ay","4946/29665-37591","0.473[0.115]/0.467[0.070]-0.060[0.045]"
"31",1662587,"B","B1","Breviolum aenigmaticum,Breviolum dendrogyrum,Breviolum meandrinium,Breviolum minutum,Breviolum pseudominutum",2,2,"B1-B14d-B1jp","4946-693411-31037","0.851[0.047]-0.086[0.036]-0.063[0.011]"
"32",1662054,"B","B1","Breviolum aenigmaticum,Breviolum dendrogyrum,Breviolum meandrinium,Breviolum minutum,Breviolum pseudominutum",2,41,"B1-B1g","4946-29275","0.991[0.001]-0.009[0.001]"
"33",1662696,"B","B5","None",2,36,"B5","29665","1.000[0.000]"
"34",1662711,"B","B1g","None",2,37,"B1g","29275","1.000[0.000]"
"35",1662590,"B","B1/B1be","Breviolum aenigmaticum,Breviolum dendrogyrum,Breviolum meandrinium,Breviolum minutum,Breviolum pseudominutum,Breviolum aenigmaticum,Breviolum dendrogyrum,Breviolum meandrinium,Breviolum minutum,Breviolum pseudominutum",2,7,"B1/B1be","","0.549[0.287]/0.451[0.287]"
"36",1662720,"B","B2a","Breviolum aenigmaticum",1,17,"B2a","62762","1.000[nan]"
"37",1662491,"B","B1","Breviolum aenigmaticum,Breviolum dendrogyrum,Breviolum meandrinium,Breviolum minutum,Breviolum pseudominutum,Breviolum aenigmaticum,Breviolum dendrogyrum,Breviolum meandrinium,Breviolum minutum,Breviolum pseudominutum",1,6,"B1/B14d","4946-693411","0.990[nan]-0.010[nan]"
"38",1662748,"B","B11","None",1,4,"B11","62770","1.000[nan]"
"39",1662756,"B","B8a","None",1,25,"B8a","29324","1.000[nan]"
"40",1662774,"B","B1ib","None",1,6,"B1ib","1160377","1.000[nan]"
"41",1662529,"B","B1","Breviolum aenigmaticum,Breviolum dendrogyrum,Breviolum meandrinium,Breviolum minutum,Breviolum pseudominutum",1,6,"B1-B1az","4946-89135","0.924[nan]-0.076[nan]"
"42",1662785,"B","B2ay","None",1,1,"B2ay","6483711","1.000[nan]"
"43",1662675,"B","B19","Breviolum aenigmaticum,Breviolum dendrogyrum,Breviolum meandrinium,Breviolum minutum,Breviolum pseudominutum,Breviolum aenigmaticum,Breviolum dendrogyrum,Breviolum meandrinium,Breviolum minutum,Breviolum pseudominutum",1,58,"B19/B1","37844-4946","0.668[nan]-0.332[nan]"
"44",1662043,"B","B1","Breviolum aenigmaticum,Breviolum dendrogyrum,Breviolum meandrinium,Breviolum minutum,Breviolum pseudominutum",1,55,"B1/B5","4946-29665","0.795[nan]-0.205[nan]"
"45",1662680,"B","B19","None",1,5,"B19-B19ai","37844-1913913","0.727[nan]-0.273[nan]"
"46",1662716,"B","B2d","None",1,6,"B2d","45468","1.000[nan]"
"47",1662061,"B","B5","None",1,9,"B5-B5ay-B1in-B5ci-B1io","29665-43614-37591-37592-37590","0.861[nan]-0.075[nan]-0.030[nan]-0.022[nan]-0.012[nan]"
"48",1666051,"C","C1/C3","Cladocopium goreaui,Cladocopium latusorum,Cladocopium pacificum,Cladocopium proliferum,Cladocopium vulgare,Cladocopium madreporum,Cladocopium patulum,Cladocopium sodalum,Cladocopium thermophilum,Cladocopium madreporum,Cladocopium patulum,Cladocopium sodalum,Cladocopium thermophilum,Cladocopium madreporum,Cladocopium patulum,Cladocopium sodalum,Cladocopium thermophilum,Cladocopium madreporum,Cladocopium patulum,Cladocopium sodalum,Cladocopium thermophilum,Cladocopium madreporum,Cladocopium patulum,Cladocopium sodalum,Cladocopium thermophilum",32,37,"C1/C3-C3de-C1c-C21ae-C3bb-C3an-C3s-C21","2/32-2554-308-38767-982-1354-38269-41","0.408[0.131]/0.276[0.084]-0.081[0.039]-0.062[0.018]-0.049[0.024]-0.047[0.022]-0.034[0.026]-0.023[0.014]-0.020[0.013]"
"49",1665027,"C","C3","Cladocopium madreporum,Cladocopium patulum,Cladocopium sodalum,Cladocopium thermophilum,Cladocopium madreporum,Cladocopium patulum,Cladocopium sodalum,Cladocopium thermophilum,Cladocopium madreporum,Cladocopium patulum,Cladocopium sodalum,Cladocopium thermophilum,Cladocopium madreporum,Cladocopium patulum,Cladocopium sodalum,Cladocopium thermophilum,Cladocopium madreporum,Cladocopium patulum,Cladocopium sodalum,Cladocopium thermophilum,Cladocopium madreporum,Cladocopium patulum,Cladocopium sodalum,Cladocopium thermophilum",18,96,"C3/C3bb-C3de-C21ae-C3s-C3an-C21-C3dk","32-2554-38767-982-1354-38269-71161-41","0.396[0.088]-0.191[0.033]-0.110[0.019]-0.108[0.022]-0.057[0.010]-0.055[0.010]-0.044[0.009]-0.040[0.010]"
"50",1666604,"C","C3","Cladocopium madreporum,Cladocopium patulum,Cladocopium sodalum,Cladocopium thermophilum,Cladocopium madreporum,Cladocopium patulum,Cladocopium sodalum,Cladocopium thermophilum,Cladocopium madreporum,Cladocopium patulum,Cladocopium sodalum,Cladocopium thermophilum,Cladocopium madreporum,Cladocopium patulum,Cladocopium sodalum,Cladocopium thermophilum,Cladocopium madreporum,Cladocopium patulum,Cladocopium sodalum,Cladocopium thermophilum,Cladocopium madreporum,Cladocopium patulum,Cladocopium sodalum,Cladocopium thermophilum",14,24,"C3-C3de-C1-C3bb-C21ae-C3an-C3s-C21-C3dk","32-2554-2-982-38767-1354-38269-41-71161","0.377[0.051]-0.148[0.034]-0.118[0.091]-0.090[0.019]-0.090[0.021]-0.056[0.025]-0.043[0.015]-0.042[0.020]-0.037[0.010]"
"51",1669165,"C","C1","Cladocopium goreaui,Cladocopium latusorum,Cladocopium pacificum,Cladocopium proliferum,Cladocopium vulgare,Cladocopium madreporum,Cladocopium patulum,Cladocopium sodalum,Cladocopium thermophilum,Cladocopium madreporum,Cladocopium patulum,Cladocopium sodalum,Cladocopium thermophilum",11,1816,"C1/C3-C1c-C1b-C72k-C3ju","2-308-32-4-835-834","0.726[0.088]-0.109[0.022]-0.091[0.118]-0.035[0.011]-0.026[0.005]-0.013[0.002]"
"52",1662853,"C","C3","Cladocopium madreporum,Cladocopium patulum,Cladocopium sodalum,Cladocopium thermophilum,Cladocopium madreporum,Cladocopium patulum,Cladocopium sodalum,Cladocopium thermophilum",4,48,"C3-C6a-C3y","32-4676-2414","0.873[0.025]-0.083[0.017]-0.044[0.009]"
"53",1666871,"C","C3an","None",3,85,"C21/C3an","1354-41","0.551[0.037]-0.449[0.037]"
"54",1666948,"C","C7","None",2,31,"C7","3332","1.000[0.000]"
"55",1663759,"C","C1","Cladocopium goreaui,Cladocopium latusorum,Cladocopium pacificum,Cladocopium proliferum,Cladocopium vulgare,Cladocopium madreporum,Cladocopium patulum,Cladocopium sodalum,Cladocopium thermophilum",2,865,"C1-C1b-C1c-C42.2-C1bh-C1br-C3-C1cb","2-308-4-32-1-831-848-832","0.692[0.002]-0.121[0.004]-0.067[0.003]-0.035[0.005]-0.033[0.001]-0.019[0.002]-0.018[0.000]-0.014[0.000]"
"56",1662934,"C","C3","Cladocopium madreporum,Cladocopium patulum,Cladocopium sodalum,Cladocopium thermophilum,Cladocopium madreporum,Cladocopium patulum,Cladocopium sodalum,Cladocopium thermophilum",2,16,"C3-C1-C6a-C3y","32-2-4676-2414","0.710[0.155]-0.172[0.173]-0.072[0.028]-0.046[0.011]"
"57",1665273,"C","C3","Cladocopium madreporum,Cladocopium patulum,Cladocopium sodalum,Cladocopium thermophilum,Cladocopium madreporum,Cladocopium patulum,Cladocopium sodalum,Cladocopium thermophilum,Cladocopium madreporum,Cladocopium patulum,Cladocopium sodalum,Cladocopium thermophilum",1,18,"C3-C1bp-C3ag-C3mo-C21ef","32-13282-13275-11299-8520","0.902[nan]-0.040[nan]-0.033[nan]-0.017[nan]-0.007[nan]"
"58",1666603,"C","C1","Cladocopium goreaui,Cladocopium latusorum,Cladocopium pacificum,Cladocopium proliferum,Cladocopium vulgare,Cladocopium goreaui,Cladocopium latusorum,Cladocopium pacificum,Cladocopium proliferum,Cladocopium vulgare,Cladocopium madreporum,Cladocopium patulum,Cladocopium sodalum,Cladocopium thermophilum,Cladocopium madreporum,Cladocopium patulum,Cladocopium sodalum,Cladocopium thermophilum",1,5,"C3/C1/C1c-C3de","2-32-308-2554","0.524[nan]-0.336[nan]-0.115[nan]-0.025[nan]"
"59",1665859,"C","C3","Cladocopium madreporum,Cladocopium patulum,Cladocopium sodalum,Cladocopium thermophilum,Cladocopium madreporum,Cladocopium patulum,Cladocopium sodalum,Cladocopium thermophilum,Cladocopium madreporum,Cladocopium patulum,Cladocopium sodalum,Cladocopium thermophilum,Cladocopium madreporum,Cladocopium patulum,Cladocopium sodalum,Cladocopium thermophilum,Cladocopium madreporum,Cladocopium patulum,Cladocopium sodalum,Cladocopium thermophilum,Cladocopium madreporum,Cladocopium patulum,Cladocopium sodalum,Cladocopium thermophilum,Cladocopium madreporum,Cladocopium patulum,Cladocopium sodalum,Cladocopium thermophilum",1,130,"C3-C3de-C21-C3an-C3bb-C3fc-C21ae-C3s-C3b","32-2554-38767-982-1354-41-38269-12353-80","0.523[nan]-0.135[nan]-0.081[nan]-0.069[nan]-0.053[nan]-0.040[nan]-0.038[nan]-0.032[nan]-0.030[nan]"
"60",1665217,"C","C3xs","None",1,40,"C1nw/C3xs","21974-8064","0.524[nan]-0.476[nan]"
"61",1666008,"C","C3bb","Cladocopium madreporum,Cladocopium patulum,Cladocopium sodalum,Cladocopium thermophilum,Cladocopium madreporum,Cladocopium patulum,Cladocopium sodalum,Cladocopium thermophilum,Cladocopium madreporum,Cladocopium patulum,Cladocopium sodalum,Cladocopium thermophilum,Cladocopium madreporum,Cladocopium patulum,Cladocopium sodalum,Cladocopium thermophilum,Cladocopium madreporum,Cladocopium patulum,Cladocopium sodalum,Cladocopium thermophilum",1,29,"C3/C3an/C21/C3bb-C3de-C3s","982-41-32-1354-38269-2554","0.302[nan]-0.267[nan]-0.213[nan]-0.169[nan]-0.036[nan]-0.013[nan]"
"62",1663078,"C","C1","Cladocopium goreaui,Cladocopium latusorum,Cladocopium pacificum,Cladocopium proliferum,Cladocopium vulgare,Cladocopium madreporum,Cladocopium patulum,Cladocopium sodalum,Cladocopium thermophilum",1,39,"C1/C3-C1c-C1b-C42.2-C1bh","2-308-32-1-4-831","0.647[nan]-0.155[nan]-0.081[nan]-0.051[nan]-0.040[nan]-0.026[nan]"
"63",1666924,"C","C66","None",1,68,"C66","14180","1.000[nan]"
"64",1665525,"C","C1","Cladocopium goreaui,Cladocopium latusorum,Cladocopium pacificum,Cladocopium proliferum,Cladocopium vulgare",1,7,"C1-C1c-C1b-C1x-C1lb-C3uu","2-308-862-4-866-864","0.704[nan]-0.132[nan]-0.055[nan]-0.042[nan]-0.037[nan]-0.030[nan]"
"65",1665530,"C","C1","Cladocopium goreaui,Cladocopium latusorum,Cladocopium pacificum,Cladocopium proliferum,Cladocopium vulgare",1,57,"C1-C1lb-C1x-C1c-C3uu-C1b-C3aac-C1qn","2-308-862-4-864-871-866-879","0.672[nan]-0.130[nan]-0.056[nan]-0.046[nan]-0.044[nan]-0.022[nan]-0.021[nan]-0.011[nan]"
"66",1667585,"D","D1","Durusdinium trenchii,Durusdinium glynnii,Durusdinium trenchii",1,40,"D1-D4-D1c-D2","853-854-2308-855","0.651[nan]-0.257[nan]-0.061[nan]-0.031[nan]"
"67",1669179,"D","D1","Durusdinium trenchii,Durusdinium glynnii,Durusdinium trenchii",1,135,"D1-D4-D4c-D1c-D2-D1k-D17d","853-854-1730-855-12730-2308-2582","0.686[nan]-0.162[nan]-0.059[nan]-0.058[nan]-0.014[nan]-0.011[nan]-0.010[nan]"
"68",1668415,"D","D1","Durusdinium trenchii,Durusdinium glynnii,Durusdinium trenchii",1,1,"D1-D4-D4c-D17aq-D17ap-D17ag","853-854-1730-2102-2131-2897","0.651[nan]-0.182[nan]-0.087[nan]-0.044[nan]-0.030[nan]-0.007[nan]"
"69",1667391,"D","D1","Durusdinium trenchii,Durusdinium glynnii,Durusdinium trenchii",1,449,"D1/D4/D2-D4c-D17d-D17c-D1r-D17e","853-854-855-1730-2582-944-2587-1759","0.665[nan]-0.151[nan]-0.057[nan]-0.052[nan]-0.028[nan]-0.020[nan]-0.014[nan]-0.013[nan]"
"70",1669206,"D","D1","Durusdinium trenchii,Durusdinium glynnii,Durusdinium trenchii",1,45,"D1/D4-D4c-D1c-D17d-D17e-D17j","853-854-1730-2308-2582-2587-1768","0.593[nan]-0.237[nan]-0.071[nan]-0.047[nan]-0.027[nan]-0.014[nan]-0.011[nan]"
"71",1668181,"D","D1","Durusdinium trenchii,Durusdinium glynnii,Durusdinium trenchii",1,623,"D1-D4-D4c-D17d-D1c-D1r-D17c-D17e-D17j","853-854-1730-2582-2308-2587-944-1768-1759","0.534[nan]-0.207[nan]-0.065[nan]-0.047[nan]-0.046[nan]-0.036[nan]-0.026[nan]-0.023[nan]-0.017[nan]"
"72",1667936,"D","D1","Durusdinium trenchii,Durusdinium glynnii,Durusdinium trenchii",1,62,"D1-D4-D4c-D1c-D2-D1hg","853-854-1730-2308-855-44215","0.620[nan]-0.211[nan]-0.084[nan]-0.051[nan]-0.025[nan]-0.008[nan]"
"73",1668885,"G","G3b/G3bd","None",7,13,"G3b/G3al/G3bd-G3ay","56961/1337518-1337491-1337492","0.534[0.185]-0.182[0.082]-0.154[0.043]/0.130[0.193]"
"74",1925856,"A","A3/A4","Symbiodinium natans,Symbiodinium tridacnidorum",11,16,"A3/A4-A4a-A4fe-A4fo-A4d-A4fn","22385/29206-40166-318716-29900-136549-59064","0.373[0.149]/0.303[0.115]-0.122[0.055]-0.061[0.019]-0.050[0.027]-0.047[0.017]-0.044[0.011]"
"75",1925854,"A","A3/A4/A13/A4a","Symbiodinium natans,Symbiodinium necroappetens,Symbiodinium tridacnidorum",10,22,"A3/A4/A4a/A13-A4d","22385/29206/8181/40166-29900","0.361[0.210]/0.251[0.107]/0.184[0.174]/0.158[0.102]-0.046[0.026]"
"76",1925833,"A","A3/A4","Symbiodinium natans,Symbiodinium tridacnidorum",8,20,"A3/A4-A4a-A4fe","22385/29206-40166-318716","0.441[0.239]/0.379[0.154]-0.117[0.064]-0.063[0.052]"
"77",1925840,"A","A3/A4","Symbiodinium natans,Symbiodinium tridacnidorum",8,13,"A3/A4-A4a-A4d","22385/29206-40166-29900","0.503[0.241]/0.331[0.180]-0.114[0.057]-0.053[0.032]"
"78",1925836,"A","A3/A4","Symbiodinium natans,Symbiodinium necroappetens,Symbiodinium tridacnidorum",7,30,"A3/A13/A4-A4a","22385/29206-40166-8181","0.544[0.263]/0.232[0.173]-0.119[0.064]-0.106[0.123]"
"79",1925567,"A","A3bb/A3bt","None",6,341,"A3bb/A3bt","","0.565[0.067]/0.435[0.067]"
"80",1925835,"A","A3/A4/A4a","Symbiodinium natans,Symbiodinium tridacnidorum",5,11,"A3/A4/A4a-A4d-A4av","22385/29206/40166-29900-40178","0.444[0.162]/0.268[0.098]/0.181[0.069]-0.074[0.033]-0.033[0.010]"
"81",1925414,"A","A3/A4","Symbiodinium natans,Symbiodinium tridacnidorum",5,31,"A3/A4/A4a","22385/29206-40166","0.571[0.356]/0.264[0.195]-0.165[0.170]"
"82",1925169,"A","A3","Symbiodinium natans,Symbiodinium tridacnidorum",4,61,"A3-A3m","22385-363106","0.961[0.007]-0.039[0.007]"
"83",1925829,"A","A3","Symbiodinium natans,Symbiodinium tridacnidorum",3,24,"A3-A3ah-A3ga","22385-36733-6483645","0.932[0.016]-0.043[0.004]-0.025[0.011]"
"84",1925832,"A","A4a","None",3,7,"A4a-A4-A4d-A4av","40166-29206-29900-40178","0.494[0.014]-0.234[0.007]-0.153[0.004]-0.118[0.007]"
"85",1925834,"A","A4","None",3,4,"A4-A4a-A4d","29206-40166-29900","0.523[0.001]-0.282[0.003]-0.195[0.004]"
"86",1925837,"A","A3","Symbiodinium natans,Symbiodinium tridacnidorum",3,9,"A3-A3gc-A3gb","22385-22428-50864","0.940[0.014]-0.031[0.007]-0.029[0.008]"
"87",1925838,"A","A4","None",3,7,"A4-A4fe-A4fo-A4fn-A4au-A4bk","29206-136549-318716-59064-37992-29353","0.324[0.014]-0.217[0.003]-0.209[0.006]-0.142[0.010]-0.058[0.007]-0.051[0.006]"
"88",1925830,"A","A4","None",2,6,"A4-A4a-A4fl","29206-40166-30201","0.699[0.002]-0.256[0.004]-0.046[0.002]"
"89",1925839,"A","A4","None",2,6,"A4-A4fq-A4fp-A4bk","29206-6483646-3105550-29353","0.757[0.013]-0.158[0.010]-0.047[0.004]-0.038[0.019]"
"90",1925339,"A","A4","None",2,25,"A4/A4a","29206-40166","0.524[0.004]-0.476[0.004]"
"91",1925853,"A","A3","Symbiodinium natans,Symbiodinium tridacnidorum",2,10,"A3-A4-A13-A4fe-A4fo","22385-29206-318716-8181-136549","0.825[0.152]-0.081[0.081]-0.039[0.045]-0.030[0.010]-0.025[0.016]"
"92",1925975,"A","A4","None",2,5,"A4-A4fe","29206-318716","0.807[0.003]-0.193[0.003]"
"93",1925994,"A","A3","Symbiodinium natans,Symbiodinium tridacnidorum",2,233,"A3","22385","1.000[0.000]"
"94",1926001,"A","A13","Symbiodinium necroappetens",2,82,"A13","8181","1.000[0.000]"
"95",1925682,"A","A4","None",1,19,"A4/A4a-A4au","29206-40166-37992","0.694[nan]-0.283[nan]-0.023[nan]"
"96",1925249,"A","A3","Symbiodinium natans,Symbiodinium tridacnidorum",1,6,"A3-A3t-A3ad","22385-35445-35231","0.969[nan]-0.023[nan]-0.008[nan]"
"97",1925855,"A","A3","Symbiodinium natans,Symbiodinium tridacnidorum",1,7,"A3/A4-A4fe-A4fo","22385-29206-318716-136549","0.716[nan]-0.144[nan]-0.080[nan]-0.060[nan]"
"98",1925857,"A","A4","None",1,7,"A4-A4fe-A4bk-A4au","29206-318716-29353-37992","0.608[nan]-0.202[nan]-0.114[nan]-0.077[nan]"
"99",1926774,"B","B1","Breviolum antillogorgium,Breviolum minutum,Breviolum pseudominutum",4,8,"B1-B14d-B1jp-B1jn-B1jo","4946-31037-693411-697953-2533813","0.568[0.178]-0.153[0.063]-0.121[0.054]-0.093[0.047]-0.064[0.036]"
"100",1926779,"B","B1","Breviolum antillogorgium,Breviolum minutum,Breviolum pseudominutum",4,12,"B1/B1be","4946-29476","0.909[0.036]-0.091[0.036]"
"101",1926797,"B","B1","Breviolum antillogorgium,Breviolum minutum,Breviolum pseudominutum",4,9,"B1-B1jp-B1az","4946-31037-89135","0.869[0.108]-0.086[0.085]-0.044[0.024]"
"102",1926784,"B","B5","Breviolum antillogorgium,Breviolum minutum,Breviolum pseudominutum",3,6,"B5/B1-B5ci","29665-4946-43614","0.601[0.079]-0.249[0.134]-0.149[0.072]"
"103",1926309,"B","B1","Breviolum antillogorgium,Breviolum minutum,Breviolum pseudominutum",3,73,"B1-B1g-B1s-B1bz","4946-29275-51798-53344","0.891[0.056]-0.045[0.021]-0.039[0.026]-0.025[0.012]"
"104",1926905,"B","B1","Breviolum antillogorgium,Breviolum minutum,Breviolum pseudominutum",3,184,"B1","4946","1.000[0.000]"
"105",1926796,"B","B1","Breviolum antillogorgium,Breviolum minutum,Breviolum pseudominutum",2,5,"B1-B1s-B1g","4946-29275-51798","0.906[0.011]-0.048[0.019]-0.047[0.009]"
"106",1926841,"B","B5","None",2,8,"B5-B5ay-B1io-B1in","29665-37591-37592-37590","0.782[0.075]-0.105[0.040]-0.075[0.033]-0.038[0.003]"
"107",1926679,"B","B1","Breviolum antillogorgium,Breviolum minutum,Breviolum pseudominutum",1,7,"B1/B14d","4946-693411","0.947[nan]-0.053[nan]"
"108",1926773,"B","B1","Breviolum antillogorgium,Breviolum minutum,Breviolum pseudominutum",1,6,"B1-B1jm","4946-6483638","0.945[nan]-0.055[nan]"
"109",1926777,"B","B1","Breviolum antillogorgium,Breviolum minutum,Breviolum pseudominutum",1,8,"B1-B14d-B1jp-B1be-B1jn-B1jo","4946-693411-31037-697953-2533813-29476","0.358[nan]-0.266[nan]-0.165[nan]-0.128[nan]-0.050[nan]-0.032[nan]"
"110",1926287,"B","B1","Breviolum antillogorgium,Breviolum minutum,Breviolum pseudominutum",1,5,"B1-B1as","4946-25829","0.871[nan]-0.129[nan]"
"111",1926295,"B","B1","Breviolum antillogorgium,Breviolum minutum,Breviolum pseudominutum",1,16,"B1-B1o-B1g","4946-29213-29275","0.950[nan]-0.045[nan]-0.005[nan]"
"112",1926304,"B","B1","Breviolum antillogorgium,Breviolum minutum,Breviolum pseudominutum",1,10,"B1-B1s","4946-51798","0.988[nan]-0.012[nan]"
"113",1926825,"B","B1","Breviolum antillogorgium,Breviolum minutum,Breviolum pseudominutum",1,2,"B1-B14d-B1x-B1be-B14b-B1bh","4946-693411-29476-53205-90035-29495","0.459[nan]-0.314[nan]-0.089[nan]-0.078[nan]-0.032[nan]-0.027[nan]"
"114",1926862,"B","B19","Breviolum antillogorgium,Breviolum minutum,Breviolum pseudominutum",1,13,"B19/B1-B19ak","37844-4946-38312","0.664[nan]-0.272[nan]-0.063[nan]"
"115",1926896,"B","B8a","None",1,12,"B8a-B8h","29324-2161244","0.853[nan]-0.147[nan]"
"116",1926929,"B","B2d","None",1,8,"B2d","45468","1.000[nan]"
"117",1926427,"B","B19","None",1,30,"B19-B19ai-B19x-B19an","37844-1913913-44466-1913914","0.685[nan]-0.186[nan]-0.110[nan]-0.019[nan]"
"118",1926961,"B","B11","None",1,5,"B11","62770","1.000[nan]"
"119",1926974,"B","B7","Breviolum endomadracis",1,45,"B7","62765","1.000[nan]"
"120",1927000,"B","B17","None",1,1,"B17","62773","1.000[nan]"
"121",1926637,"B","B1","Breviolum antillogorgium,Breviolum minutum,Breviolum pseudominutum",1,3,"B1-B1bz-B1g","4946-53344-29275","0.856[nan]-0.076[nan]-0.068[nan]"
"122",1933512,"B","B1","Breviolum antillogorgium,Breviolum minutum,Breviolum pseudominutum",1,12,"B1-B1g-B1s-B1br-B1bz","4946-29275-51798-53344-44226","0.939[nan]-0.028[nan]-0.019[nan]-0.009[nan]-0.005[nan]"
"123",1929271,"C","C3","Cladocopium madreporum,Cladocopium patulum,Cladocopium sodalum,Cladocopium thermophilum",21,134,"C3/C3bb-C3de-C21ae-C3s-C3an-C21-C3dk","32-2554-982-38767-1354-38269-71161-41","0.345[0.038]-0.181[0.038]-0.121[0.013]-0.116[0.015]-0.069[0.023]-0.064[0.016]-0.057[0.021]-0.046[0.015]"
"124",1930930,"C","C3","Cladocopium madreporum,Cladocopium patulum,Cladocopium sodalum,Cladocopium thermophilum",18,49,"C3/C3de-C21ae-C3bb-C1-C3an-C3s-C21-C3dk","32-2554-2-982-38767-1354-38269-71161-41","0.337[0.068]-0.157[0.038]-0.110[0.067]-0.102[0.024]-0.100[0.029]-0.059[0.017]-0.052[0.015]-0.042[0.013]-0.042[0.025]"
"125",1930313,"C","C3/C1","Cladocopium goreaui,Cladocopium latusorum,Cladocopium madreporum,Cladocopium pacificum,Cladocopium patulum,Cladocopium proliferum,Cladocopium sodalum,Cladocopium thermophilum,Cladocopium vulgare",11,45,"C1/C3-C3de-C1c-C3bb-C21ae-C3an-C21-C3s","32/2-2554-982-308-38767-1354-41-38269","0.332[0.116]/0.285[0.142]-0.090[0.045]-0.067[0.024]-0.055[0.026]-0.049[0.017]-0.046[0.028]-0.044[0.024]-0.032[0.013]"
"126",1930929,"C","C1/C3","Cladocopium goreaui,Cladocopium latusorum,Cladocopium madreporum,Cladocopium pacificum,Cladocopium patulum,Cladocopium proliferum,Cladocopium sodalum,Cladocopium thermophilum,Cladocopium vulgare",10,52,"C1/C3-C3de-C1c-C21ae-C3bb-C3an-C3s-C3dk","2/32-2554-38767-308-982-71161-38269-1354","0.348[0.203]/0.244[0.085]-0.098[0.043]-0.081[0.073]-0.070[0.038]-0.056[0.024]-0.036[0.024]-0.036[0.024]-0.030[0.014]"
"127",1933589,"C","C1","Cladocopium goreaui,Cladocopium latusorum,Cladocopium madreporum,Cladocopium pacificum,Cladocopium patulum,Cladocopium proliferum,Cladocopium sodalum,Cladocopium thermophilum,Cladocopium vulgare",8,2993,"C1/C3-C1c-C1b-C72k-C1al-C1w","2-308-32-4-835-828-833","0.721[0.042]-0.134[0.023]-0.062[0.064]-0.032[0.006]-0.029[0.004]-0.013[0.005]-0.009[0.002]"
"128",1930925,"C","C3/C1","Cladocopium goreaui,Cladocopium latusorum,Cladocopium madreporum,Cladocopium pacificum,Cladocopium patulum,Cladocopium proliferum,Cladocopium sodalum,Cladocopium thermophilum,Cladocopium vulgare",5,9,"C3/C1-C3de-C21ae-C3bb-C1c","32/2-2554-982-38767-308","0.522[0.183]/0.218[0.134]-0.092[0.039]-0.063[0.027]-0.058[0.017]-0.047[0.029]"
"129",1930973,"C","C3","Cladocopium madreporum,Cladocopium patulum,Cladocopium sodalum,Cladocopium thermophilum",5,13,"C3-C6a-C3y-C23b-C3afp","32-4676-2414-22192-2402","0.812[0.027]-0.077[0.005]-0.044[0.011]-0.037[0.013]-0.030[0.009]"
"130",1927068,"C","C3","Cladocopium madreporum,Cladocopium patulum,Cladocopium sodalum,Cladocopium thermophilum",3,49,"C3-C6a-C3y","32-4676-2414","0.873[0.027]-0.084[0.012]-0.044[0.015]"
"131",1933606,"C","C1","Cladocopium goreaui,Cladocopium latusorum,Cladocopium madreporum,Cladocopium pacificum,Cladocopium patulum,Cladocopium proliferum,Cladocopium sodalum,Cladocopium thermophilum,Cladocopium vulgare",2,373,"C1/C3-C1c-C1b-C42.2-C72k-C1bh","2-308-4-32-835-1-831","0.703[0.004]-0.136[0.014]-0.059[0.010]-0.035[0.005]-0.029[0.003]-0.025[0.006]-0.013[0.004]"
"132",1927233,"C","C3","Cladocopium madreporum,Cladocopium patulum,Cladocopium sodalum,Cladocopium thermophilum",1,24,"C3-C3de-C3bb-C21ae-C3cd-C3an-C3dk-C3s","32-53704-2554-38767-982-71161-1354-38269","0.379[nan]-0.127[nan]-0.120[nan]-0.110[nan]-0.097[nan]-0.058[nan]-0.057[nan]-0.052[nan]"
"133",1931332,"C","C7","None",1,32,"C7","3332","1.000[nan]"
"134",1927237,"C","C3","Cladocopium madreporum,Cladocopium patulum,Cladocopium sodalum,Cladocopium thermophilum",1,1,"C3-C21-C3an-C3bb-C3s-C3de-C21ae","32-41-1354-982-38269-2554-38767","0.335[nan]-0.238[nan]-0.212[nan]-0.138[nan]-0.050[nan]-0.016[nan]-0.011[nan]"
"135",1931395,"C","C91","None",1,44,"C91","1254","1.000[nan]"
"136",1929903,"C","C3","Cladocopium madreporum,Cladocopium patulum,Cladocopium sodalum,Cladocopium thermophilum",1,12,"C3-C1bp-C3dg-C3mo-C3df","32-68395-13282-25334-13275","0.641[nan]-0.120[nan]-0.111[nan]-0.069[nan]-0.058[nan]"
"137",1930927,"C","C1","Cladocopium goreaui,Cladocopium latusorum,Cladocopium madreporum,Cladocopium pacificum,Cladocopium patulum,Cladocopium proliferum,Cladocopium sodalum,Cladocopium thermophilum,Cladocopium vulgare",1,6,"C1/C3-C1c-C3de-C3bb-C21ae-C3an","2-308-32-2554-982-38767-1354","0.645[nan]-0.133[nan]-0.105[nan]-0.045[nan]-0.042[nan]-0.023[nan]-0.007[nan]"
"138",1930992,"C","C1","Cladocopium goreaui,Cladocopium latusorum,Cladocopium madreporum,Cladocopium pacificum,Cladocopium patulum,Cladocopium proliferum,Cladocopium sodalum,Cladocopium thermophilum,Cladocopium vulgare",1,21,"C1-C1c-C3-C1b-C1x-C1lb-C42.2","2-308-4-32-862-1-864","0.752[nan]-0.132[nan]-0.041[nan]-0.026[nan]-0.022[nan]-0.018[nan]-0.009[nan]"
"139",1929458,"C","C3y","None",1,7,"C3xs/C3y","2414-21974","0.500[nan]-0.500[nan]"
"140",1929461,"C","C3xs","None",1,48,"C1nw/C3xs","21974-8064","0.678[nan]-0.322[nan]"
"141",1927988,"C","C1","Cladocopium goreaui,Cladocopium latusorum,Cladocopium madreporum,Cladocopium pacificum,Cladocopium patulum,Cladocopium proliferum,Cladocopium sodalum,Cladocopium thermophilum,Cladocopium vulgare",1,728,"C1-C1b-C1c-C42.2-C1bh-C1br-C1cb-C3","2-308-4-32-1-848-831-832","0.689[nan]-0.119[nan]-0.071[nan]-0.041[nan]-0.032[nan]-0.018[nan]-0.016[nan]-0.015[nan]"
"142",1927538,"C","C21","Cladocopium madreporum,Cladocopium patulum,Cladocopium sodalum,Cladocopium thermophilum",1,20,"C3an/C3/C21/C3bb-C21by","41-1354-32-982-71431","0.292[nan]-0.275[nan]-0.206[nan]-0.141[nan]-0.086[nan]"
"143",1929104,"C","C3","Cladocopium goreaui,Cladocopium latusorum,Cladocopium madreporum,Cladocopium pacificum,Cladocopium patulum,Cladocopium proliferum,Cladocopium sodalum,Cladocopium thermophilum,Cladocopium vulgare",1,17,"C3/C21/C1","32-41-2","0.581[nan]-0.259[nan]-0.160[nan]"
"144",1929683,"C","C1","Cladocopium goreaui,Cladocopium latusorum,Cladocopium madreporum,Cladocopium pacificum,Cladocopium patulum,Cladocopium proliferum,Cladocopium sodalum,Cladocopium thermophilum,Cladocopium vulgare",1,34,"C1/C3/C1c-C1b-C72k","2-308-32-835-4","0.773[nan]-0.100[nan]-0.080[nan]-0.027[nan]-0.020[nan]"
"145",1932332,"D","D1","Durusdinium trenchii",2,8,"D1-D4-D4c-D2-D1ox","853-854-1730-855-22383","0.710[0.011]-0.125[0.004]-0.086[0.002]-0.060[0.006]-0.020[0.001]"
"146",1931786,"D","D1","Durusdinium trenchii",1,219,"D1/D4/D2-D4c-D17d-D17c-D1r-D17e","853-854-1730-2582-855-944-2587-1759","0.666[nan]-0.168[nan]-0.055[nan]-0.028[nan]-0.026[nan]-0.024[nan]-0.017[nan]-0.015[nan]"
"147",1932327,"D","D1","Durusdinium trenchii",1,13,"D1/D4-D4c-D17d-D17j-D17e","853-854-1730-1768-2587-2582","0.518[nan]-0.342[nan]-0.109[nan]-0.011[nan]-0.011[nan]-0.009[nan]"
"148",1933535,"D","D1","Durusdinium trenchii",1,721,"D1-D4-D4c-D2-D1c-D17d-D17c-D1r-D17e","853-854-1730-2308-855-2582-944-2587-1759","0.635[nan]-0.187[nan]-0.048[nan]-0.045[nan]-0.034[nan]-0.019[nan]-0.013[nan]-0.011[nan]-0.007[nan]"
"149",1932614,"D","D1","Durusdinium trenchii",1,13,"D1-D4-D2-D4c-D1k-D1h","853-854-1730-855-12730-1752","0.730[nan]-0.120[nan]-0.079[nan]-0.048[nan]-0.017[nan]-0.005[nan]"
"150",1932152,"D","D1","Durusdinium trenchii",1,88,"D1-D4-D4c-D1c-D17ao-D17ap-D17ar-D17aq","853-854-1730-2308-2102-2131-908-2795","0.638[nan]-0.182[nan]-0.071[nan]-0.045[nan]-0.027[nan]-0.017[nan]-0.012[nan]-0.009[nan]"
"151",1932218,"D","D1","Durusdinium trenchii",1,16,"D1-D4-D4c-D1c-D17d-D17c","853-854-1730-2308-2582-1759","0.666[nan]-0.164[nan]-0.064[nan]-0.049[nan]-0.031[nan]-0.026[nan]"
"152",1933373,"G","G3b","None",1,4,"G3b-G3al","56961-1337491","0.522[nan]-0.478[nan]"
"153",1933303,"G","G3b","None",1,14,"G3b/G3al/G3bd-G3ay","56961-1337492-1337518-1337491","0.617[nan]-0.158[nan]-0.133[nan]-0.092[nan]"
"154",1917139,"A","A3","Symbiodinium natans,Symbiodinium tridacnidorum",16,21,"A3-A3ah-A3ga","22385-36733-6483645","0.934[0.015]-0.044[0.005]-0.023[0.011]"
"155",1916725,"A","A3/A4","Symbiodinium natans,Symbiodinium tridacnidorum",14,35,"A3/A4/A4a","22385/29206-40166","0.763[0.243]/0.186[0.187]-0.051[0.058]"
"156",1917143,"A","A3/A13","Symbiodinium natans,Symbiodinium necroappetens,Symbiodinium tridacnidorum",14,39,"A3/A4/A13-A4a","22385/8181-29206-40166","0.741[0.219]-0.112[0.089]/0.105[0.236]-0.043[0.024]"
"157",1916878,"A","A3bb/A3bt","None",11,335,"A3bb/A3bt","","0.557[0.068]/0.443[0.068]"
"158",1917141,"A","A3/A13","Symbiodinium natans,Symbiodinium necroappetens,Symbiodinium tridacnidorum",9,19,"A3/A13/A4","22385/8181-29206","0.730[0.270]/0.217[0.274]-0.053[0.047]"
"159",1917145,"A","A3","Symbiodinium natans,Symbiodinium tridacnidorum",7,15,"A3/A4/A4a-A4d","22385-29206-40166-29900","0.777[0.071]-0.131[0.069]-0.065[0.032]-0.027[0.010]"
"160",1917160,"A","A3/A4","Symbiodinium natans,Symbiodinium tridacnidorum",6,11,"A3/A4-A4fe-A4fo","22385/29206-318716-136549","0.639[0.335]/0.218[0.235]-0.095[0.098]-0.047[0.026]"
"161",1916480,"A","A3","Symbiodinium natans,Symbiodinium tridacnidorum",5,57,"A3-A3m","22385-363106","0.959[0.008]-0.041[0.008]"
"162",1917296,"A","A3","Symbiodinium natans,Symbiodinium tridacnidorum",4,232,"A3","22385","1.000[0.000]"
"163",1917140,"A","A4","None",3,4,"A4-A4a-A4fl","29206-40166-30201","0.693[0.007]-0.260[0.006]-0.047[0.001]"
"164",1917158,"A","A4","None",3,6,"A4-A4fe-A4fm","29206-318716-6483651","0.753[0.028]-0.190[0.004]-0.057[0.028]"
"165",1917159,"A","A4","None",3,5,"A4-A4fe-A4fo-A4fn","29206-318716-136549-59064","0.403[0.025]-0.233[0.033]-0.196[0.049]-0.168[0.021]"
"166",1917248,"A","A4","None",2,4,"A4-A4fq-A4fp","29206-6483646-3105550","0.813[0.015]-0.135[0.004]-0.052[0.010]"
"167",1917142,"A","A4a/A4","None",2,5,"A4a/A4-A4d","40166/29206-29900","0.411[0.187]/0.387[0.166]-0.202[0.021]"
"168",1917144,"A","A3","Symbiodinium natans,Symbiodinium tridacnidorum",2,6,"A3-A3gc-A3gb","22385-22428-50864","0.911[0.026]-0.047[0.016]-0.042[0.010]"
"169",1924987,"A","A3","Symbiodinium natans,Symbiodinium tridacnidorum",2,11,"A3-A4","22385-29206","0.836[0.186]-0.164[0.186]"
"170",1916981,"A","A13","Symbiodinium natans,Symbiodinium necroappetens,Symbiodinium tridacnidorum",1,18,"A13/A3","8181-22385","0.996[nan]-0.004[nan]"
"171",1916479,"A","A3","Symbiodinium natans,Symbiodinium tridacnidorum",1,61,"A3-A3s-A3q-A3r","22385-63388-22438-22472","0.880[nan]-0.060[nan]-0.040[nan]-0.020[nan]"
"172",1916481,"A","A3","Symbiodinium natans,Symbiodinium tridacnidorum",1,15,"A3/A3bi","22385-22403","0.984[nan]-0.016[nan]"
"173",1917000,"A","A13","Symbiodinium necroappetens",1,4,"A13-A1sz","8181-296948","0.942[nan]-0.058[nan]"
"174",1916650,"A","A4","None",1,23,"A4/A4a","29206-40166","0.789[nan]-0.211[nan]"
"175",1918136,"B","B5","None",3,6,"B5-B5ay-B1io-B1in","29665-37591-37592-37590","0.873[0.103]-0.061[0.041]-0.040[0.038]-0.027[0.024]"
"176",1917611,"B","B1","Breviolum antillogorgium,Breviolum minutum,Breviolum pseudominutum",2,65,"B1-B1g-B1s-B1bz","4946-29275-51798-53344","0.890[0.017]-0.052[0.008]-0.037[0.001]-0.022[0.008]"
"177",1918016,"B","B1","Breviolum antillogorgium,Breviolum minutum,Breviolum pseudominutum",2,10,"B1-B1az","4946-89135","0.896[0.026]-0.104[0.026]"
"178",1917814,"B","B19","None",2,14,"B19-B19ai-B19x-B19ak-B19ay","37844-1913913-44466-44077-38312","0.618[0.058]-0.195[0.054]-0.090[0.002]-0.049[0.004]-0.048[0.009]"
"179",1918072,"B","B1","Breviolum antillogorgium,Breviolum minutum,Breviolum pseudominutum",2,7,"B1-B14d-B1jn-B1jp-B1jo","4946-693411-31037-697953-2533813","0.507[0.193]-0.175[0.109]-0.126[0.040]-0.111[0.011]-0.082[0.032]"
"180",1918073,"B","B14d/B1","Breviolum antillogorgium,Breviolum minutum,Breviolum pseudominutum",2,14,"B1/B14d-B1jp-B1jn-B1jo-B1jx-B1co","693411/4946-31037-697953-2533813-6483639-30454","0.268[0.005]/0.262[0.011]-0.176[0.002]-0.118[0.001]-0.096[0.017]-0.050[0.002]-0.031[0.009]"
"181",1918075,"B","B1","Breviolum antillogorgium,Breviolum minutum,Breviolum pseudominutum",2,10,"B1/B1be","4946-29476","0.956[0.019]-0.044[0.019]"
"182",1918222,"B","B2d","None",1,7,"B2d","45468","1.000[nan]"
"183",1917978,"B","B1","Breviolum antillogorgium,Breviolum minutum,Breviolum pseudominutum",1,9,"B1/B14d","4946-693411","0.882[nan]-0.118[nan]"
"184",1917597,"B","B1","Breviolum antillogorgium,Breviolum minutum,Breviolum pseudominutum",1,15,"B1-B1o-B1g","4946-29213-29275","0.941[nan]-0.029[nan]-0.029[nan]"
"185",1917862,"B","B1","Breviolum antillogorgium,Breviolum minutum,Breviolum pseudominutum",1,1,"B1-B1az-B1g-B1bh-B1x-B14b-B1be","4946-89135-29275-90035-53205-29495-29476","0.614[nan]-0.084[nan]-0.080[nan]-0.073[nan]-0.069[nan]-0.044[nan]-0.035[nan]"
"186",1918261,"B","B8a","None",1,26,"B8a","29324","1.000[nan]"
"187",1924793,"B","B1","Breviolum antillogorgium,Breviolum minutum,Breviolum pseudominutum",1,11,"B1-B1g-B1s-B1br-B1bz","4946-29275-51798-44226-53344","0.884[nan]-0.035[nan]-0.035[nan]-0.025[nan]-0.020[nan]"
"188",1917882,"B","B1","Breviolum antillogorgium,Breviolum minutum,Breviolum pseudominutum",1,11,"B1-B1g-B1h","4946-29275-29227","0.967[nan]-0.024[nan]-0.009[nan]"
"189",1918156,"B","B19","Breviolum antillogorgium,Breviolum minutum,Breviolum pseudominutum",1,12,"B19/B1-B19ak","37844-4946-38312","0.758[nan]-0.170[nan]-0.072[nan]"
"190",1917533,"B","B1","Breviolum antillogorgium,Breviolum minutum,Breviolum pseudominutum",1,56,"B1/B5","4946-29665","0.904[nan]-0.096[nan]"
"191",1917676,"B","B1","Breviolum antillogorgium,Breviolum minutum,Breviolum pseudominutum",1,4,"B1-B1ci","4946-1389974","0.837[nan]-0.163[nan]"
"192",1918189,"B","B8a","None",1,11,"B8a-B8h","29324-2161244","0.690[nan]-0.310[nan]"
"193",1917551,"B","B5","None",1,13,"B5-B5ci-B5ay-B1in-B1io","29665-43614-37592-37591-37590","0.674[nan]-0.276[nan]-0.018[nan]-0.017[nan]-0.015[nan]"
"194",1918202,"B","B5","None",1,41,"B5","29665","1.000[nan]"
"195",1922214,"C","C1/C3","Cladocopium goreaui,Cladocopium latusorum,Cladocopium madreporum,Cladocopium pacificum,Cladocopium patulum,Cladocopium proliferum,Cladocopium sodalum,Cladocopium thermophilum,Cladocopium vulgare",19,41,"C1/C3-C3de-C1c-C21ae-C3bb-C3an-C3s-C3dk","2/32-2554-308-38767-982-1354-38269-71161","0.355[0.189]/0.323[0.179]-0.076[0.039]-0.073[0.038]-0.055[0.022]-0.042[0.016]-0.028[0.012]-0.026[0.015]-0.022[0.013]"
"196",1920557,"C","C3","Cladocopium madreporum,Cladocopium patulum,Cladocopium sodalum,Cladocopium thermophilum",17,113,"C3/C3bb-C3de-C21ae-C3s-C3an-C21-C3dk","32-2554-38767-982-38269-1354-71161-41","0.345[0.029]-0.206[0.022]-0.122[0.016]-0.109[0.013]-0.063[0.012]-0.059[0.008]-0.053[0.006]-0.043[0.011]"
"197",1921599,"C","C1/C3","Cladocopium goreaui,Cladocopium latusorum,Cladocopium madreporum,Cladocopium pacificum,Cladocopium patulum,Cladocopium proliferum,Cladocopium sodalum,Cladocopium thermophilum,Cladocopium vulgare",13,34,"C1/C3-C3de-C1c-C21ae-C3bb-C3an-C21-C3s","2/32-2554-38767-308-982-1354-41-38269","0.339[0.116]/0.287[0.092]-0.096[0.034]-0.062[0.026]-0.060[0.016]-0.059[0.019]-0.037[0.018]-0.031[0.012]-0.029[0.008]"
"198",1922215,"C","C3","Cladocopium madreporum,Cladocopium patulum,Cladocopium sodalum,Cladocopium thermophilum",11,32,"C3/C3de-C21ae-C3bb-C1-C3an-C3s-C21-C3dk","32-2554-38767-982-2-1354-38269-71161-41","0.360[0.088]-0.167[0.040]-0.108[0.029]-0.094[0.017]-0.076[0.056]-0.059[0.028]-0.046[0.013]-0.045[0.012]-0.044[0.033]"
"199",1924826,"C","C1","Cladocopium goreaui,Cladocopium latusorum,Cladocopium madreporum,Cladocopium pacificum,Cladocopium patulum,Cladocopium proliferum,Cladocopium sodalum,Cladocopium thermophilum,Cladocopium vulgare",9,3137,"C1/C3-C1c-C1b-C72k-C1al-C1w","2-308-4-835-32-828-833","0.746[0.026]-0.139[0.022]-0.036[0.006]-0.031[0.004]-0.025[0.015]-0.014[0.005]-0.010[0.001]"
"200",1922258,"C","C3","Cladocopium madreporum,Cladocopium patulum,Cladocopium sodalum,Cladocopium thermophilum",6,8,"C3-C6a-C3y-C3afp","32-4676-2414-2402","0.819[0.013]-0.085[0.009]-0.050[0.009]-0.047[0.009]"
"201",1919512,"C","C1","Cladocopium goreaui,Cladocopium latusorum,Cladocopium pacificum,Cladocopium proliferum,Cladocopium vulgare",5,2099,"C1-C1c-C1b-C42.2-C1bh-C1br-C72k-C1cb","2-308-4-1-835-831-848-832","0.699[0.020]-0.137[0.025]-0.063[0.013]-0.028[0.006]-0.028[0.003]-0.017[0.005]-0.015[0.004]-0.013[0.003]"
"202",1922211,"C","C3","Cladocopium madreporum,Cladocopium patulum,Cladocopium sodalum,Cladocopium thermophilum",4,4,"C3-C1-C3de-C21ae-C3bb-C1c","32-2-2554-38767-982-308","0.519[0.124]-0.182[0.076]-0.120[0.052]-0.081[0.061]-0.065[0.027]-0.033[0.010]"
"203",1919277,"C","C1","Cladocopium goreaui,Cladocopium latusorum,Cladocopium madreporum,Cladocopium pacificum,Cladocopium patulum,Cladocopium proliferum,Cladocopium sodalum,Cladocopium thermophilum,Cladocopium vulgare",3,813,"C1-C1b-C1c-C42.2-C1bh-C1br-C3-C1cb","2-308-32-4-1-831-848-832","0.613[0.044]-0.119[0.032]-0.098[0.048]-0.068[0.014]-0.039[0.020]-0.028[0.010]-0.019[0.008]-0.016[0.007]"
"204",1922567,"C","C1","Cladocopium goreaui,Cladocopium latusorum,Cladocopium pacificum,Cladocopium proliferum,Cladocopium vulgare",2,184,"C1","2","1.000[0.000]"
"205",1918522,"C","C3","Cladocopium madreporum,Cladocopium patulum,Cladocopium sodalum,Cladocopium thermophilum",2,23,"C3-C3de-C3bb-C21ae-C3cd-C3an-C3s-C3dk","32-2554-38767-53704-982-71161-38269-1354","0.345[0.017]-0.146[0.027]-0.125[0.005]-0.110[0.100]-0.107[0.005]-0.056[0.024]-0.056[0.029]-0.054[0.004]"
"206",1919419,"C","C1","Cladocopium goreaui,Cladocopium latusorum,Cladocopium madreporum,Cladocopium pacificum,Cladocopium patulum,Cladocopium proliferum,Cladocopium sodalum,Cladocopium thermophilum,Cladocopium vulgare",2,45,"C1-C1c-C1b-C3-C42.2-C1bh-C1br","2-32-308-4-1-848-831","0.583[0.091]-0.198[0.137]-0.131[0.031]-0.039[0.001]-0.023[0.011]-0.014[0.004]-0.012[0.001]"
"207",1918516,"C","C3","Cladocopium madreporum,Cladocopium patulum,Cladocopium sodalum,Cladocopium thermophilum",1,150,"C3-C3de-C3bb-C21ae-C3an-C3s-C3dk","32-2554-38767-982-1354-71161-38269","0.373[nan]-0.228[nan]-0.192[nan]-0.101[nan]-0.071[nan]-0.028[nan]-0.007[nan]"
"208",1920970,"C","C1","Cladocopium goreaui,Cladocopium latusorum,Cladocopium madreporum,Cladocopium pacificum,Cladocopium patulum,Cladocopium proliferum,Cladocopium sodalum,Cladocopium thermophilum,Cladocopium vulgare",1,33,"C1/C3/C1c-C1b-C72k","2-32-308-4-835","0.491[nan]-0.363[nan]-0.094[nan]-0.034[nan]-0.017[nan]"
"209",1921620,"C","C3","Cladocopium madreporum,Cladocopium patulum,Cladocopium sodalum,Cladocopium thermophilum",1,4,"C3/C3de-C21ae-C3dk-C3bb-C21","32-2554-38767-982-41-71161","0.442[nan]-0.163[nan]-0.145[nan]-0.105[nan]-0.081[nan]-0.064[nan]"
"210",1920469,"C","C21","Cladocopium goreaui,Cladocopium latusorum,Cladocopium pacificum,Cladocopium proliferum,Cladocopium vulgare",1,273,"C21/C1","41-2","0.524[nan]-0.476[nan]"
"211",1918437,"C","C3","Cladocopium madreporum,Cladocopium patulum,Cladocopium sodalum,Cladocopium thermophilum",1,16,"C3-C1-C6a-C3y","32-2-4676-2414","0.746[nan]-0.142[nan]-0.079[nan]-0.034[nan]"
"212",1923365,"D","D1","Durusdinium trenchii",2,12,"D1-D4-D4c-D17d-D1r-D17j-D17e","853-854-1730-1768-2582-2587-944","0.581[0.122]-0.223[0.054]-0.100[0.017]-0.030[0.018]-0.026[0.016]-0.025[0.009]-0.016[0.008]"
"213",1923347,"D","D1","Durusdinium trenchii",1,22,"D1-D4c-D4-D17d-D17e-D1r-D17c-D17ad","853-854-1730-2582-2587-14041-1759-944","0.528[nan]-0.182[nan]-0.099[nan]-0.080[nan]-0.043[nan]-0.037[nan]-0.020[nan]-0.011[nan]"
"214",1923225,"D","D1","Durusdinium trenchii",1,130,"D1-D4-D4c-D2-D1c-D17d","853-854-1730-2308-855-2582","0.620[nan]-0.224[nan]-0.078[nan]-0.049[nan]-0.023[nan]-0.006[nan]"
"215",1924913,"D","D1","Durusdinium trenchii",1,115,"D1-D4-D4c-D1c-D2-D1k-D17d","853-854-1730-2308-855-12730-2582","0.570[nan]-0.230[nan]-0.097[nan]-0.038[nan]-0.030[nan]-0.023[nan]-0.011[nan]"
"216",1922996,"D","D1","Durusdinium trenchii",1,1068,"D1/D4/D2-D4c-D1c","853-854-1730-2308-855","0.631[nan]-0.200[nan]-0.095[nan]-0.046[nan]-0.029[nan]"
"217",1923571,"D","D1","Durusdinium trenchii",1,20,"D1-D4-D4c-D17d-D17c-D17e","853-854-1730-2582-1759-2587","0.684[nan]-0.171[nan]-0.073[nan]-0.031[nan]-0.021[nan]-0.021[nan]"
"218",1995660,"A","A3/A4","Symbiodinium natans,Symbiodinium tridacnidorum",9,20,"A3/A4-A4a-A4fe","22385/29206-40166-318716","0.449[0.108]/0.387[0.086]-0.128[0.052]-0.037[0.014]"
"219",1995682,"A","A3/A4","Symbiodinium natans,Symbiodinium tridacnidorum",9,21,"A3/A4-A4a-A4fe-A4fo-A4fn","22385/29206-40166-318716-136549-59064","0.367[0.121]/0.340[0.083]-0.152[0.050]-0.057[0.026]-0.056[0.039]-0.028[0.009]"
"220",1995662,"A","A3/A4a","Symbiodinium natans,Symbiodinium tridacnidorum",8,14,"A3/A4a-A4-A4d-A4av","22385/40166-29206-29900-40178","0.661[0.407]/0.166[0.208]-0.090[0.084]-0.045[0.067]-0.037[0.050]"
"221",1995685,"A","A3/A4","Symbiodinium natans,Symbiodinium tridacnidorum",8,13,"A3/A4-A4a-A4fe-A4fo","22385/29206-40166-318716-136549","0.374[0.158]/0.367[0.079]-0.169[0.080]-0.054[0.053]-0.037[0.043]"
"222",1995690,"A","A3/A4","Symbiodinium natans,Symbiodinium tridacnidorum",8,11,"A3/A4-A4a-A4d-A4av-A4fe","22385/29206-40166-29900-40178-318716","0.440[0.123]/0.282[0.108]-0.200[0.089]-0.035[0.019]-0.028[0.013]-0.015[0.007]"
"223",1995686,"A","A3/A4a/A13","Symbiodinium natans,Symbiodinium tridacnidorum,Symbiodinium necroappetens",6,16,"A3/A4a/A4/A13-A4d-A4av","22385/40166/8181-29206-29900-40178","0.349[0.251]/0.231[0.091]-0.199[0.094]/0.106[0.103]-0.066[0.023]-0.049[0.017]"
"224",1995236,"A","A4/A3","Symbiodinium natans,Symbiodinium tridacnidorum",5,39,"A3/A4/A4a","29206/22385-40166","0.458[0.186]/0.302[0.309]-0.240[0.164]"
"225",1995689,"A","A4/A3","Symbiodinium natans,Symbiodinium tridacnidorum",4,4,"A4/A3-A4fo-A4fs-A4fe","29206/22385-136549-1955030-318716","0.359[0.125]/0.345[0.202]-0.157[0.075]-0.070[0.043]-0.069[0.028]"
"226",2003566,"A","A3","Symbiodinium natans,Symbiodinium tridacnidorum",3,12,"A3-A4","22385-29206","0.991[0.004]-0.009[0.004]"
"227",1995656,"A","A3","Symbiodinium natans,Symbiodinium tridacnidorum",3,27,"A3-A3ah-A3ga","22385-36733-6483645","0.941[0.003]-0.039[0.001]-0.021[0.002]"
"228",1995659,"A","A4a","None",3,10,"A4a-A4-A4d-A4av","40166-29206-29900-40178","0.465[0.036]-0.255[0.018]-0.167[0.024]-0.113[0.007]"
"229",1995773,"A","A4","None",3,7,"A4-A4fe-A4bk","29206-318716-29353","0.771[0.139]-0.161[0.089]-0.068[0.052]"
"230",1995829,"A","A3","Symbiodinium natans,Symbiodinium tridacnidorum",2,236,"A3","22385","1.000[0.000]"
"231",1995422,"A","A4a","None",2,18,"A4/A4a-A4dz","40166-29206-136994","0.500[0.001]-0.492[0.001]-0.008[0.001]"
"232",1995654,"A","A3","Symbiodinium natans,Symbiodinium tridacnidorum",2,5,"A3-A3ge","22385-364327","0.964[0.007]-0.036[0.007]"
"233",1995655,"A","A3","Symbiodinium natans,Symbiodinium tridacnidorum",2,8,"A3/A4-A4fe","22385-29206-318716","0.758[0.020]-0.209[0.017]-0.033[0.003]"
"234",1995666,"A","A4","None",2,5,"A4-A4fe-A4bk-A4au-A4fm","29206-318716-29353-37992-6483651","0.574[0.019]-0.146[0.022]-0.107[0.026]-0.103[0.023]-0.069[0.009]"
"235",1995681,"A","A3","Symbiodinium natans,Symbiodinium tridacnidorum",2,9,"A3/A4-A4fe-A4fo","22385-29206-318716-136549","0.743[0.226]-0.151[0.129]-0.089[0.094]-0.017[0.003]"
"236",1995683,"A","A3/A4","Symbiodinium natans,Symbiodinium tridacnidorum",2,16,"A3/A4-A4a-A4fe-A4fo-A4d-A4fn","22385/29206-40166-318716-29900-136549-59064","0.336[0.033]/0.295[0.044]-0.239[0.002]-0.039[0.003]-0.035[0.023]-0.033[0.005]-0.022[0.002]"
"237",1995844,"A","A4a","None",1,12,"A4a","40166","1.000[nan]"
"238",1995389,"A","A3bb","None",1,412,"A3bb/A3bt","22415-33881","0.674[nan]-0.326[nan]"
"239",1995477,"A","A13","Symbiodinium necroappetens",1,13,"A13-A13o","8181-30487","0.978[nan]-0.022[nan]"
"240",1995493,"A","A3","Symbiodinium natans,Symbiodinium tridacnidorum,Symbiodinium necroappetens",1,19,"A13/A3","22385-8181","0.958[nan]-0.042[nan]"
"241",1994987,"A","A3","Symbiodinium natans,Symbiodinium tridacnidorum",1,62,"A3-A3m","22385-363106","0.962[nan]-0.038[nan]"
"242",1995505,"A","A4","None",1,20,"A4/A4a-A4au","29206-40166-37992","0.578[nan]-0.410[nan]-0.012[nan]"
"243",1995653,"A","A4","None",1,7,"A4-A4fq-A4fp-A4bk-A4fr-A4au","29206-6483646-29353-3105550-37992-1955006","0.739[nan]-0.111[nan]-0.047[nan]-0.036[nan]-0.034[nan]-0.034[nan]"
"244",1995657,"A","A4","None",1,7,"A4-A4a-A4fl","29206-40166-30201","0.686[nan]-0.269[nan]-0.046[nan]"
"245",1995658,"A","A3","Symbiodinium natans,Symbiodinium tridacnidorum,Symbiodinium necroappetens",1,20,"A3/A13/A4","22385-29206-8181","0.930[nan]-0.056[nan]-0.014[nan]"
"246",1995663,"A","A3","Symbiodinium natans,Symbiodinium tridacnidorum,Symbiodinium necroappetens",1,29,"A3/A13/A4-A4a","22385-29206-40166-8181","0.768[nan]-0.174[nan]-0.034[nan]-0.024[nan]"
"247",1995665,"A","A4","None",1,8,"A4-A4fe-A4fo-A4fn-A4au-A4bk","29206-136549-318716-59064-37992-29353","0.346[nan]-0.186[nan]-0.161[nan]-0.116[nan]-0.104[nan]-0.088[nan]"
"248",1995667,"A","A3","Symbiodinium natans,Symbiodinium tridacnidorum",1,13,"A3/A4-A4a-A4d","22385-29206-40166-29900","0.715[nan]-0.164[nan]-0.104[nan]-0.017[nan]"
"249",1995680,"A","A3","Symbiodinium natans,Symbiodinium tridacnidorum,Symbiodinium necroappetens",1,11,"A3/A4/A13-A4a-A4d","22385-40166-29206-29900-8181","0.836[nan]-0.075[nan]-0.041[nan]-0.033[nan]-0.015[nan]"
"250",1995684,"A","A3","Symbiodinium natans,Symbiodinium tridacnidorum",1,1,"A3-A4-A4a-A4fo","22385-29206-40166-136549","0.909[nan]-0.055[nan]-0.030[nan]-0.006[nan]"
"251",1996614,"B","B1/B14d","Breviolum aenigmaticum,Breviolum dendrogyrum,Breviolum meandrinium,Breviolum minutum,Breviolum pseudominutum,Breviolum aenigmaticum,Breviolum dendrogyrum,Breviolum meandrinium,Breviolum minutum,Breviolum pseudominutum",21,44,"B1/B14d-B1jp-B1jn-B1jo-B1co-B1jq","4946/693411-31037-697953-2533813-30454-6483635","0.429[0.133]/0.283[0.092]-0.122[0.034]-0.059[0.018]-0.041[0.018]-0.036[0.014]-0.029[0.011]"
"252",1996638,"B","B1/B14d","Breviolum aenigmaticum,Breviolum dendrogyrum,Breviolum meandrinium,Breviolum minutum,Breviolum pseudominutum,Breviolum aenigmaticum,Breviolum dendrogyrum,Breviolum meandrinium,Breviolum minutum,Breviolum pseudominutum",7,12,"B1/B14d-B1be","4946/693411-29476","0.732[0.291]/0.227[0.291]-0.041[0.010]"
"253",1996697,"B","B1/B14d","Breviolum aenigmaticum,Breviolum dendrogyrum,Breviolum meandrinium,Breviolum minutum,Breviolum pseudominutum,Breviolum aenigmaticum,Breviolum dendrogyrum,Breviolum meandrinium,Breviolum minutum,Breviolum pseudominutum",6,10,"B1/B14d-B1az-B1x","4946/693411-89135-53205","0.547[0.175]/0.225[0.221]-0.173[0.203]-0.055[0.023]"
"254",2003424,"B","B1","Breviolum aenigmaticum,Breviolum dendrogyrum,Breviolum meandrinium,Breviolum minutum,Breviolum pseudominutum",6,29,"B1-B1cu-B1cv-B10-B1do-B1fu","4946-29481-59367-1913645-62769-1913651","0.780[0.039]-0.050[0.018]-0.049[0.005]-0.046[0.013]-0.046[0.014]-0.030[0.007]"
"255",1996674,"B","B1","Breviolum aenigmaticum,Breviolum dendrogyrum,Breviolum meandrinium,Breviolum minutum,Breviolum pseudominutum",5,8,"B1/B5-B14d-B1jy-B1jp","4946-698020-693411-29665-31037","0.489[0.177]-0.156[0.080]-0.139[0.080]-0.119[0.065]-0.097[0.051]"
"256",1996689,"B","B1","Breviolum aenigmaticum,Breviolum dendrogyrum,Breviolum meandrinium,Breviolum minutum,Breviolum pseudominutum",5,9,"B1-B1jp-B1az-B1jz","4946-31037-90087-89135","0.813[0.050]-0.100[0.024]-0.045[0.019]-0.042[0.010]"
"257",1996616,"B","B1/B14d","Breviolum aenigmaticum,Breviolum dendrogyrum,Breviolum meandrinium,Breviolum minutum,Breviolum pseudominutum,Breviolum aenigmaticum,Breviolum dendrogyrum,Breviolum meandrinium,Breviolum minutum,Breviolum pseudominutum",4,4,"B1/B14d-B1jp-B1jn","4946/693411-31037-697953","0.576[0.287]/0.267[0.266]-0.122[0.081]-0.035[0.024]"
"258",1996636,"B","B1","Breviolum aenigmaticum,Breviolum dendrogyrum,Breviolum meandrinium,Breviolum minutum,Breviolum pseudominutum",4,9,"B1-B1jp-B1az","4946-31037-89135","0.784[0.102]-0.163[0.081]-0.053[0.024]"
"259",1996513,"B","B1","Breviolum aenigmaticum,Breviolum dendrogyrum,Breviolum meandrinium,Breviolum minutum,Breviolum pseudominutum,Breviolum aenigmaticum,Breviolum dendrogyrum,Breviolum meandrinium,Breviolum minutum,Breviolum pseudominutum",3,10,"B1/B14d","4946-693411","0.920[0.065]-0.080[0.065]"
"260",1996610,"B","B1/B14d","Breviolum aenigmaticum,Breviolum dendrogyrum,Breviolum meandrinium,Breviolum minutum,Breviolum pseudominutum,Breviolum aenigmaticum,Breviolum dendrogyrum,Breviolum meandrinium,Breviolum minutum,Breviolum pseudominutum",3,17,"B1/B14d-B1jp-B1jn-B1jo-B1jx-B1co","4946/693411-31037-697953-2533813-6483639-30454","0.488[0.257]/0.281[0.216]-0.123[0.066]-0.047[0.017]-0.023[0.011]-0.021[0.009]-0.018[0.007]"
"261",1996611,"B","B1","Breviolum aenigmaticum,Breviolum dendrogyrum,Breviolum meandrinium,Breviolum minutum,Breviolum pseudominutum",3,7,"B1-B14d-B1jp","4946-693411-31037","0.687[0.140]-0.201[0.114]-0.112[0.046]"
"262",1996635,"B","B1","Breviolum aenigmaticum,Breviolum dendrogyrum,Breviolum meandrinium,Breviolum minutum,Breviolum pseudominutum,Breviolum aenigmaticum,Breviolum dendrogyrum,Breviolum meandrinium,Breviolum minutum,Breviolum pseudominutum",3,13,"B1/B1be-B5dv","4946-29476-59082","0.900[0.020]-0.059[0.019]-0.042[0.005]"
"263",1996347,"B","B19","None",2,16,"B19-B19ai-B19x-B19ak-B19ay","37844-1913913-44466-38312-44077","0.627[0.064]-0.183[0.064]-0.078[0.006]-0.075[0.007]-0.037[0.000]"
"264",1996582,"B","B5","None",2,4,"B5-B5ci","29665-43614","0.689[0.074]-0.311[0.074]"
"265",1996608,"B","B14d","Breviolum aenigmaticum,Breviolum dendrogyrum,Breviolum meandrinium,Breviolum minutum,Breviolum pseudominutum,Breviolum aenigmaticum,Breviolum dendrogyrum,Breviolum meandrinium,Breviolum minutum,Breviolum pseudominutum",2,7,"B1/B14d-B1jp-B1jn-B1jo-B1jq","693411-4946-31037-697953-6483635-2533813","0.489[0.041]-0.267[0.079]-0.123[0.047]-0.065[0.018]-0.030[0.012]-0.027[0.015]"
"266",1996613,"B","B1","Breviolum aenigmaticum,Breviolum dendrogyrum,Breviolum meandrinium,Breviolum minutum,Breviolum pseudominutum",2,8,"B1-B14d-B1jp-B1be-B1jn-B1jo","4946-31037-693411-29476-697953-2533813","0.725[0.049]-0.117[0.013]-0.085[0.049]-0.035[0.000]-0.024[0.008]-0.015[0.005]"
"267",1996639,"B","B1","Breviolum aenigmaticum,Breviolum dendrogyrum,Breviolum meandrinium,Breviolum minutum,Breviolum pseudominutum,Breviolum aenigmaticum,Breviolum dendrogyrum,Breviolum meandrinium,Breviolum minutum,Breviolum pseudominutum",2,6,"B1jy/B5/B1-B5ci","4946-698020-29665-43614","0.441[0.099]-0.290[0.044]-0.177[0.031]-0.091[0.024]"
"268",1996755,"B","B19","None",2,23,"B19","37844","1.000[0.000]"
"269",1996787,"B","B1dw","None",2,2,"B1dw","29619","1.000[0.000]"
"270",1996808,"B","B8a","None",1,27,"B8a","29324","1.000[nan]"
"271",1996417,"B","B1","Breviolum aenigmaticum,Breviolum dendrogyrum,Breviolum meandrinium,Breviolum minutum,Breviolum pseudominutum",1,9,"B1-B1g-B1h","4946-29227-29275","0.964[nan]-0.027[nan]-0.009[nan]"
"272",1996609,"B","B1","Breviolum aenigmaticum,Breviolum dendrogyrum,Breviolum meandrinium,Breviolum minutum,Breviolum pseudominutum",1,4,"B1-B1jp-B14d-B1jn-B1jo","4946-31037-697953-693411-2533813","0.640[nan]-0.281[nan]-0.048[nan]-0.027[nan]-0.005[nan]"
"273",1996143,"B","B19","None",1,13,"B19-B19ak","37844-38312","0.692[nan]-0.308[nan]"
"274",1996144,"B","B1","Breviolum aenigmaticum,Breviolum dendrogyrum,Breviolum meandrinium,Breviolum minutum,Breviolum pseudominutum",1,81,"B1-B1g-B1s-B1bz","4946-29275-51798-53344","0.837[nan]-0.070[nan]-0.051[nan]-0.043[nan]"
"275",1996684,"B","B5","None",1,9,"B5-B5ay-B1io-B1in","29665-37592-37591-37590","0.675[nan]-0.150[nan]-0.097[nan]-0.078[nan]"
"276",1996730,"B","B1","Breviolum aenigmaticum,Breviolum dendrogyrum,Breviolum meandrinium,Breviolum minutum,Breviolum pseudominutum,Breviolum aenigmaticum,Breviolum dendrogyrum,Breviolum meandrinium,Breviolum minutum,Breviolum pseudominutum",1,8,"B1/B1x","4946-53205","0.868[nan]-0.132[nan]"
"277",1996745,"B","B1","Breviolum aenigmaticum,Breviolum dendrogyrum,Breviolum meandrinium,Breviolum minutum,Breviolum pseudominutum",1,188,"B1","4946","1.000[nan]"
"278",1996768,"B","B2d","None",1,9,"B2d","45468","1.000[nan]"
"279",1996782,"B","B1do","None",1,15,"B1do","29481","1.000[nan]"
"280",2000820,"C","C1/C3","Cladocopium goreaui,Cladocopium latusorum,Cladocopium pacificum,Cladocopium proliferum,Cladocopium vulgare,Cladocopium madreporum,Cladocopium patulum,Cladocopium sodalum,Cladocopium thermophilum,Cladocopium madreporum,Cladocopium patulum,Cladocopium sodalum,Cladocopium thermophilum,Cladocopium madreporum,Cladocopium patulum,Cladocopium sodalum,Cladocopium thermophilum,Cladocopium madreporum,Cladocopium patulum,Cladocopium sodalum,Cladocopium thermophilum,Cladocopium madreporum,Cladocopium patulum,Cladocopium sodalum,Cladocopium thermophilum,Cladocopium madreporum,Cladocopium patulum,Cladocopium sodalum,Cladocopium thermophilum",46,163,"C1/C3-C3de-C3bb-C21ae-C1c-C3an-C21-C3s-C3dk","2/32-2554-982-38767-41-1354-308-38269-71161","0.307[0.122]/0.256[0.079]-0.093[0.032]-0.070[0.023]-0.059[0.022]-0.054[0.030]-0.052[0.024]-0.052[0.021]-0.033[0.011]-0.023[0.008]"
"281",1999104,"C","C3","Cladocopium madreporum,Cladocopium patulum,Cladocopium sodalum,Cladocopium thermophilum,Cladocopium madreporum,Cladocopium patulum,Cladocopium sodalum,Cladocopium thermophilum,Cladocopium madreporum,Cladocopium patulum,Cladocopium sodalum,Cladocopium thermophilum,Cladocopium madreporum,Cladocopium patulum,Cladocopium sodalum,Cladocopium thermophilum,Cladocopium madreporum,Cladocopium patulum,Cladocopium sodalum,Cladocopium thermophilum,Cladocopium madreporum,Cladocopium patulum,Cladocopium sodalum,Cladocopium thermophilum",12,146,"C3/C3bb-C3de-C21ae-C3s-C3an-C21-C3dk","32-2554-38767-982-1354-38269-71161-41","0.346[0.045]-0.195[0.023]-0.119[0.016]-0.118[0.015]-0.064[0.008]-0.062[0.009]-0.051[0.008]-0.045[0.007]"
"282",2000776,"C","C3","Cladocopium madreporum,Cladocopium patulum,Cladocopium sodalum,Cladocopium thermophilum,Cladocopium madreporum,Cladocopium patulum,Cladocopium sodalum,Cladocopium thermophilum,Cladocopium madreporum,Cladocopium patulum,Cladocopium sodalum,Cladocopium thermophilum,Cladocopium madreporum,Cladocopium patulum,Cladocopium sodalum,Cladocopium thermophilum,Cladocopium madreporum,Cladocopium patulum,Cladocopium sodalum,Cladocopium thermophilum,Cladocopium madreporum,Cladocopium patulum,Cladocopium sodalum,Cladocopium thermophilum",6,27,"C3/C3de-C3bb-C21ae-C1-C3an-C21-C3s-C3dk","32-2554-982-38767-41-1354-38269-71161-2","0.332[0.018]-0.153[0.049]-0.122[0.016]-0.102[0.032]-0.077[0.072]-0.075[0.019]-0.062[0.009]-0.042[0.018]-0.036[0.016]"
"283",2003449,"C","C1","Cladocopium goreaui,Cladocopium latusorum,Cladocopium pacificum,Cladocopium proliferum,Cladocopium vulgare,Cladocopium madreporum,Cladocopium patulum,Cladocopium sodalum,Cladocopium thermophilum",6,3310,"C1/C3-C1c-C1b-C72k-C1al-C1w","2-308-4-32-835-828-833","0.747[0.021]-0.127[0.019]-0.038[0.007]-0.035[0.022]-0.031[0.003]-0.012[0.002]-0.009[0.001]"
"284",1997075,"C","C21/C3","Cladocopium madreporum,Cladocopium patulum,Cladocopium sodalum,Cladocopium thermophilum,Cladocopium madreporum,Cladocopium patulum,Cladocopium sodalum,Cladocopium thermophilum,Cladocopium madreporum,Cladocopium patulum,Cladocopium sodalum,Cladocopium thermophilum,Cladocopium madreporum,Cladocopium patulum,Cladocopium sodalum,Cladocopium thermophilum,Cladocopium madreporum,Cladocopium patulum,Cladocopium sodalum,Cladocopium thermophilum",4,23,"C3an/C3/C21/C3bb-C21by-C3s-C3de","41/32-1354-982-71431-38269-2554","0.287[0.017]/0.249[0.038]-0.180[0.040]-0.144[0.013]-0.064[0.007]-0.062[0.009]-0.014[0.004]"
"285",2001072,"C","C3","Cladocopium madreporum,Cladocopium patulum,Cladocopium sodalum,Cladocopium thermophilum,Cladocopium madreporum,Cladocopium patulum,Cladocopium sodalum,Cladocopium thermophilum",3,6,"C3-C3de-C21","32-2554-41","0.536[0.030]-0.256[0.099]-0.208[0.129]"
"286",1997074,"C","C3/C3cd","Cladocopium madreporum,Cladocopium patulum,Cladocopium sodalum,Cladocopium thermophilum,Cladocopium madreporum,Cladocopium patulum,Cladocopium sodalum,Cladocopium thermophilum,Cladocopium madreporum,Cladocopium patulum,Cladocopium sodalum,Cladocopium thermophilum,Cladocopium madreporum,Cladocopium patulum,Cladocopium sodalum,Cladocopium thermophilum,Cladocopium madreporum,Cladocopium patulum,Cladocopium sodalum,Cladocopium thermophilum,Cladocopium madreporum,Cladocopium patulum,Cladocopium sodalum,Cladocopium thermophilum,Cladocopium madreporum,Cladocopium patulum,Cladocopium sodalum,Cladocopium thermophilum",3,19,"C3/C3cd-C3de-C3dn-C3bb-C21ae-C3an-C3s","32/53704-982-2554-71427-1354-38767-38269","0.321[0.061]/0.264[0.191]-0.101[0.043]-0.081[0.051]-0.074[0.049]-0.060[0.038]-0.051[0.040]-0.047[0.023]"
"287",2000185,"C","C7","Cladocopium goreaui,Cladocopium latusorum,Cladocopium pacificum,Cladocopium proliferum,Cladocopium vulgare",3,56,"C7/C1","3332-2","0.909[0.033]-0.091[0.033]"
"288",2003504,"C","C1","Cladocopium goreaui,Cladocopium latusorum,Cladocopium pacificum,Cladocopium proliferum,Cladocopium vulgare,Cladocopium madreporum,Cladocopium patulum,Cladocopium sodalum,Cladocopium thermophilum,Cladocopium madreporum,Cladocopium patulum,Cladocopium sodalum,Cladocopium thermophilum",2,218,"C1/C3-C1c-C1b-C72k-C3ju","2-32-308-4-835-834","0.677[0.057]-0.152[0.069]-0.106[0.004]-0.031[0.001]-0.022[0.003]-0.013[0.006]"
"289",2001099,"C","C21","None",2,89,"C21/C3an","41-1354","0.645[0.005]-0.355[0.005]"
"290",1997826,"C","C1","Cladocopium goreaui,Cladocopium latusorum,Cladocopium pacificum,Cladocopium proliferum,Cladocopium vulgare,Cladocopium madreporum,Cladocopium patulum,Cladocopium sodalum,Cladocopium thermophilum",1,834,"C1-C1b-C1c-C42.2-C1bh-C1br-C3-C1cb","2-32-308-4-1-831-848-832","0.428[nan]-0.351[nan]-0.078[nan]-0.057[nan]-0.031[nan]-0.021[nan]-0.019[nan]-0.015[nan]"
"291",1999399,"C","C21","Cladocopium goreaui,Cladocopium latusorum,Cladocopium pacificum,Cladocopium proliferum,Cladocopium vulgare",1,27,"C1/C21-C1c","41-2-308","0.532[nan]-0.393[nan]-0.074[nan]"
"292",2000966,"C","C3cd","Cladocopium madreporum,Cladocopium patulum,Cladocopium sodalum,Cladocopium thermophilum,Cladocopium madreporum,Cladocopium patulum,Cladocopium sodalum,Cladocopium thermophilum,Cladocopium madreporum,Cladocopium patulum,Cladocopium sodalum,Cladocopium thermophilum,Cladocopium madreporum,Cladocopium patulum,Cladocopium sodalum,Cladocopium thermophilum",1,3,"C3cd-C3-C3dn-C3bb","53704-32-71427-982","0.530[nan]-0.276[nan]-0.179[nan]-0.015[nan]"
"293",1999017,"C","C21","Cladocopium goreaui,Cladocopium latusorum,Cladocopium pacificum,Cladocopium proliferum,Cladocopium vulgare",1,284,"C21/C1","41-2","0.523[nan]-0.477[nan]"
"294",1996985,"C","C3","Cladocopium madreporum,Cladocopium patulum,Cladocopium sodalum,Cladocopium thermophilum,Cladocopium madreporum,Cladocopium patulum,Cladocopium sodalum,Cladocopium thermophilum",1,18,"C3-C1-C6a-C3y","32-2-4676-2414","0.729[nan]-0.154[nan]-0.071[nan]-0.046[nan]"
"295",1998061,"C","C1","Cladocopium goreaui,Cladocopium latusorum,Cladocopium pacificum,Cladocopium proliferum,Cladocopium vulgare",1,2402,"C1-C1c-C1b-C42.2-C1bh-C72k-C1br-C1cb","2-308-4-835-1-831-848-832","0.731[nan]-0.142[nan]-0.050[nan]-0.028[nan]-0.022[nan]-0.011[nan]-0.010[nan]-0.008[nan]"
"296",2001162,"C","C21","None",1,80,"C21","41","1.000[nan]"
"297",1997068,"C","C3","Cladocopium madreporum,Cladocopium patulum,Cladocopium sodalum,Cladocopium thermophilum,Cladocopium madreporum,Cladocopium patulum,Cladocopium sodalum,Cladocopium thermophilum,Cladocopium madreporum,Cladocopium patulum,Cladocopium sodalum,Cladocopium thermophilum,Cladocopium madreporum,Cladocopium patulum,Cladocopium sodalum,Cladocopium thermophilum,Cladocopium madreporum,Cladocopium patulum,Cladocopium sodalum,Cladocopium thermophilum,Cladocopium madreporum,Cladocopium patulum,Cladocopium sodalum,Cladocopium thermophilum,Cladocopium madreporum,Cladocopium patulum,Cladocopium sodalum,Cladocopium thermophilum,Cladocopium madreporum,Cladocopium patulum,Cladocopium sodalum,Cladocopium thermophilum",1,21,"C3/C3dm-C3de-C3bb-C3cd-C21ae-C3an-C3s-C3dk","32-2554-982-38767-53704-1354-38269-71161-71399","0.341[nan]-0.190[nan]-0.118[nan]-0.099[nan]-0.069[nan]-0.065[nan]-0.052[nan]-0.048[nan]-0.019[nan]"
"298",1997070,"C","C3","Cladocopium madreporum,Cladocopium patulum,Cladocopium sodalum,Cladocopium thermophilum,Cladocopium madreporum,Cladocopium patulum,Cladocopium sodalum,Cladocopium thermophilum,Cladocopium madreporum,Cladocopium patulum,Cladocopium sodalum,Cladocopium thermophilum,Cladocopium madreporum,Cladocopium patulum,Cladocopium sodalum,Cladocopium thermophilum,Cladocopium madreporum,Cladocopium patulum,Cladocopium sodalum,Cladocopium thermophilum,Cladocopium madreporum,Cladocopium patulum,Cladocopium sodalum,Cladocopium thermophilum,Cladocopium madreporum,Cladocopium patulum,Cladocopium sodalum,Cladocopium thermophilum",1,21,"C3-C3de-C3bb-C21ae-C3an-C3cd-C3s-C3dk","32-2554-38767-982-53704-1354-71161-38269","0.421[nan]-0.145[nan]-0.119[nan]-0.087[nan]-0.065[nan]-0.059[nan]-0.054[nan]-0.050[nan]"
"299",1997073,"C","C3dm","Cladocopium madreporum,Cladocopium patulum,Cladocopium sodalum,Cladocopium thermophilum,Cladocopium madreporum,Cladocopium patulum,Cladocopium sodalum,Cladocopium thermophilum,Cladocopium madreporum,Cladocopium patulum,Cladocopium sodalum,Cladocopium thermophilum,Cladocopium madreporum,Cladocopium patulum,Cladocopium sodalum,Cladocopium thermophilum",1,1,"C3dm-C3-C3cd-C3de","71399-32-53704-2554","0.511[nan]-0.259[nan]-0.210[nan]-0.019[nan]"
"300",2001177,"C","C7","None",1,33,"C7","3332","1.000[nan]"
"301",2001208,"C","C7f","None",1,3,"C7f","370253","1.000[nan]"
"302",1997690,"C","C3","Cladocopium madreporum,Cladocopium patulum,Cladocopium sodalum,Cladocopium thermophilum,Cladocopium madreporum,Cladocopium patulum,Cladocopium sodalum,Cladocopium thermophilum,Cladocopium madreporum,Cladocopium patulum,Cladocopium sodalum,Cladocopium thermophilum,Cladocopium madreporum,Cladocopium patulum,Cladocopium sodalum,Cladocopium thermophilum,Cladocopium madreporum,Cladocopium patulum,Cladocopium sodalum,Cladocopium thermophilum,Cladocopium madreporum,Cladocopium patulum,Cladocopium sodalum,Cladocopium thermophilum",1,91,"C3fe/C3-C3fg-C3b-C3ag-C21-C3lr","32-891930-891931-80-41-20948-8520","0.352[nan]-0.297[nan]-0.177[nan]-0.066[nan]-0.053[nan]-0.027[nan]-0.027[nan]"
"303",2000770,"C","C21","Cladocopium madreporum,Cladocopium patulum,Cladocopium sodalum,Cladocopium thermophilum,Cladocopium madreporum,Cladocopium patulum,Cladocopium sodalum,Cladocopium thermophilum,Cladocopium madreporum,Cladocopium patulum,Cladocopium sodalum,Cladocopium thermophilum,Cladocopium madreporum,Cladocopium patulum,Cladocopium sodalum,Cladocopium thermophilum",1,3,"C3an/C21-C3-C3bb-C21by-C3s","41-32-1354-982-71431-38269","0.267[nan]-0.234[nan]-0.226[nan]-0.144[nan]-0.074[nan]-0.055[nan]"
"304",2000772,"C","C1","Cladocopium goreaui,Cladocopium latusorum,Cladocopium pacificum,Cladocopium proliferum,Cladocopium vulgare,Cladocopium madreporum,Cladocopium patulum,Cladocopium sodalum,Cladocopium thermophilum,Cladocopium madreporum,Cladocopium patulum,Cladocopium sodalum,Cladocopium thermophilum,Cladocopium madreporum,Cladocopium patulum,Cladocopium sodalum,Cladocopium thermophilum,Cladocopium madreporum,Cladocopium patulum,Cladocopium sodalum,Cladocopium thermophilum",1,2,"C1-C1c-C3-C3de-C21ae-C3bb-C3an","2-308-32-38767-2554-1354-982","0.753[nan]-0.085[nan]-0.075[nan]-0.038[nan]-0.022[nan]-0.020[nan]-0.007[nan]"
"305",2000817,"C","C3","Cladocopium madreporum,Cladocopium patulum,Cladocopium sodalum,Cladocopium thermophilum,Cladocopium madreporum,Cladocopium patulum,Cladocopium sodalum,Cladocopium thermophilum,Cladocopium madreporum,Cladocopium patulum,Cladocopium sodalum,Cladocopium thermophilum",1,14,"C3-C6a-C3y-C23b-C3afp","32-4676-2414-2402-22192","0.805[nan]-0.101[nan]-0.056[nan]-0.019[nan]-0.019[nan]"
"306",2000818,"C","C1","Cladocopium goreaui,Cladocopium latusorum,Cladocopium pacificum,Cladocopium proliferum,Cladocopium vulgare,Cladocopium madreporum,Cladocopium patulum,Cladocopium sodalum,Cladocopium thermophilum,Cladocopium madreporum,Cladocopium patulum,Cladocopium sodalum,Cladocopium thermophilum,Cladocopium madreporum,Cladocopium patulum,Cladocopium sodalum,Cladocopium thermophilum,Cladocopium madreporum,Cladocopium patulum,Cladocopium sodalum,Cladocopium thermophilum",1,4,"C1/C3-C1c-C3de-C3bb-C21ae-C21-C3an","2-32-308-2554-982-1354-41-38767","0.593[nan]-0.122[nan]-0.115[nan]-0.059[nan]-0.048[nan]-0.026[nan]-0.019[nan]-0.019[nan]"
"307",2000822,"C","C1","Cladocopium goreaui,Cladocopium latusorum,Cladocopium pacificum,Cladocopium proliferum,Cladocopium vulgare,Cladocopium madreporum,Cladocopium patulum,Cladocopium sodalum,Cladocopium thermophilum,Cladocopium madreporum,Cladocopium patulum,Cladocopium sodalum,Cladocopium thermophilum,Cladocopium madreporum,Cladocopium patulum,Cladocopium sodalum,Cladocopium thermophilum",1,15,"C3/C1-C1c-C21-C3an-C3bb","2-32-308-1354-41-982","0.614[nan]-0.178[nan]-0.128[nan]-0.032[nan]-0.026[nan]-0.021[nan]"
"308",2001749,"D","D1","Durusdinium trenchii,Durusdinium glynnii,Durusdinium trenchii",1,1347,"D1/D4/D2-D4c-D1c-D1h","853-854-1730-2308-855-1752","0.652[nan]-0.199[nan]-0.079[nan]-0.040[nan]-0.023[nan]-0.007[nan]"
"309",2001788,"D","D1","Durusdinium trenchii,Durusdinium glynnii,Durusdinium trenchii",1,120,"D1-D4-D4c-D2-D1c-D17d","853-854-1730-2308-855-2582","0.606[nan]-0.236[nan]-0.080[nan]-0.043[nan]-0.022[nan]-0.014[nan]"
"310",2003378,"D","D1","Durusdinium trenchii,Durusdinium glynnii,Durusdinium trenchii",1,123,"D1-D4-D4c-D1c-D2-D1k-D17d","853-854-1730-855-12730-2308-2582","0.686[nan]-0.134[nan]-0.077[nan]-0.069[nan]-0.016[nan]-0.009[nan]-0.009[nan]"
"311",2002424,"D","D1","Durusdinium trenchii,Durusdinium glynnii,Durusdinium trenchii",1,630,"D1-D4-D4c-D17d-D1c-D1r-D17c-D17e-D17j","853-854-1730-2582-2308-944-2587-1759-1768","0.538[nan]-0.199[nan]-0.071[nan]-0.054[nan]-0.039[nan]-0.032[nan]-0.029[nan]-0.020[nan]-0.017[nan]"
"312",2003170,"G","G3b","None",2,3,"G3b-G3al-G3ay","56961-1337491-1337492","0.494[0.095]-0.314[0.070]-0.192[0.025]"
"313",2021972,"A","A4/A3","Symbiodinium natans,Symbiodinium tridacnidorum",11,24,"A4/A3-A4a-A4fo-A4fe","29206/22385-40166-136549-318716","0.458[0.198]/0.377[0.268]-0.094[0.049]-0.046[0.037]-0.025[0.035]"
"314",2021979,"A","A3/A4","Symbiodinium natans,Symbiodinium tridacnidorum",10,21,"A3/A4-A4a-A4d-A4av-A4fe","22385/29206-40166-29900-40178-318716","0.381[0.200]/0.356[0.141]-0.146[0.056]-0.051[0.024]-0.034[0.028]-0.032[0.018]"
"315",2021949,"A","A3/A4/A4a","Symbiodinium natans,Symbiodinium tridacnidorum",8,22,"A3/A4a/A4-A4d-A4av","22385/29206/40166-29900-40178","0.517[0.340]/0.207[0.133]/0.175[0.145]-0.060[0.068]-0.041[0.047]"
"316",2021944,"A","A4","None",7,14,"A4-A4a-A4fl","29206-40166-30201","0.756[0.075]-0.210[0.063]-0.034[0.013]"
"317",2021947,"A","A3/A4","Symbiodinium natans,Symbiodinium tridacnidorum",7,25,"A3/A4-A4a-A4fe","22385/29206-40166-318716","0.459[0.301]/0.420[0.232]-0.107[0.081]-0.014[0.014]"
"318",2021941,"A","A4","None",5,12,"A4-A4fq-A4bk-A4fp-A4au-A4fr","29206-6483646-29353-37992-3105550-1955006","0.738[0.039]-0.095[0.024]-0.052[0.020]-0.040[0.016]-0.039[0.007]-0.037[0.013]"
"319",2021950,"A","A3/A4/A13","Symbiodinium natans,Symbiodinium tridacnidorum,Symbiodinium necroappetens",5,36,"A3/A4/A13-A4a","22385/29206/8181-40166","0.390[0.263]/0.324[0.254]/0.183[0.322]-0.103[0.068]"
"320",2021946,"A","A4a","None",4,14,"A4a-A4-A4d-A4av","40166-29206-29900-40178","0.448[0.016]-0.244[0.014]-0.191[0.022]-0.117[0.016]"
"321",2022124,"A","A3","Symbiodinium natans,Symbiodinium tridacnidorum",4,242,"A3","22385","1.000[0.000]"
"322",2022158,"A","A4z","None",4,11,"A4z","29923","1.000[0.000]"
"323",2021943,"A","A3","Symbiodinium natans,Symbiodinium tridacnidorum",3,29,"A3-A3ah-A3ga","22385-36733-6483645","0.943[0.003]-0.038[0.002]-0.019[0.004]"
"324",2021973,"A","A3","Symbiodinium natans,Symbiodinium tridacnidorum,Symbiodinium necroappetens",3,23,"A3/A4/A4a/A13-A4d-A4av","22385-29206-40166-8181-29900-40178","0.597[0.068]-0.188[0.044]-0.116[0.050]-0.046[0.045]-0.031[0.005]-0.022[0.013]"
"325",2029844,"A","A4/A4a","Symbiodinium natans,Symbiodinium tridacnidorum",3,15,"A4/A4a/A3","29206/40166-22385","0.526[0.108]/0.382[0.123]-0.092[0.076]"
"326",2021952,"A","A3","Symbiodinium natans,Symbiodinium tridacnidorum",2,5,"A3-A3gc-A3gb-A3ay","22385-22428-50864-363568","0.860[0.014]-0.048[0.004]-0.047[0.008]-0.045[0.002]"
"327",2021967,"A","A3","Symbiodinium natans,Symbiodinium tridacnidorum,Symbiodinium necroappetens",2,14,"A3/A4/A13-A4a-A4d","22385-29206-40166-8181-29900","0.464[0.128]-0.324[0.054]-0.138[0.061]-0.051[0.002]-0.024[0.011]"
"328",2021971,"A","A3","Symbiodinium natans,Symbiodinium tridacnidorum",2,3,"A3-A4-A4a-A4fo","22385-29206-40166-136549","0.723[0.001]-0.171[0.012]-0.073[0.001]-0.033[0.013]"
"329",2029752,"A","A3/A4a","Symbiodinium natans,Symbiodinium tridacnidorum",2,9,"A3/A4a-A4-A3ah-A3m","22385/40166-29206-36733-363106","0.416[0.334]-0.333[0.068]/0.223[0.285]-0.016[0.011]-0.011[0.008]"
"330",2022075,"A","A4","None",2,7,"A4-A4fo-A4fe","29206-136549-318716","0.513[0.001]-0.428[0.004]-0.059[0.003]"
"331",2029845,"A","A3","Symbiodinium natans,Symbiodinium tridacnidorum",2,28,"A3-A4-A4a","22385-29206-40166","0.833[0.184]-0.142[0.161]-0.026[0.022]"
"332",2021675,"A","A3bb","None",2,414,"A3bb/A3bt","22415-33881","0.604[0.042]-0.396[0.042]"
"333",2021792,"A","A4","None",2,22,"A4/A4a-A4au","29206-40166-37992","0.741[0.100]-0.241[0.102]-0.018[0.002]"
"334",2021426,"A","A3","Symbiodinium natans,Symbiodinium tridacnidorum",1,3,"A3-A3ah-A3m","22385-363106-36733","0.924[nan]-0.047[nan]-0.029[nan]"
"335",2021948,"A","A4","None",1,5,"A4-A4a-A4d","29206-40166-29900","0.522[nan]-0.309[nan]-0.169[nan]"
"336",2021953,"A","A4","None",1,6,"A4-A4fe-A4au-A4bk-A4fm","29206-318716-6483651-37992-29353","0.785[nan]-0.159[nan]-0.034[nan]-0.016[nan]-0.006[nan]"
"337",2021954,"A","A3","Symbiodinium natans,Symbiodinium tridacnidorum",1,13,"A3/A4-A4a-A4d","22385-29206-40166-29900","0.461[nan]-0.355[nan]-0.168[nan]-0.017[nan]"
"338",2021968,"A","A4","Symbiodinium natans,Symbiodinium tridacnidorum",1,10,"A3/A4-A4fe-A4fo","29206-318716-136549-22385","0.681[nan]-0.186[nan]-0.075[nan]-0.057[nan]"
"339",2021974,"A","A3","Symbiodinium natans,Symbiodinium tridacnidorum",1,7,"A3-A3gc","22385-22428","0.969[nan]-0.031[nan]"
"340",2021982,"A","A4","None",1,4,"A4-A4fe","29206-318716","0.777[nan]-0.223[nan]"
"341",2022047,"A","A4","None",1,2,"A4-A4fe-A4bk-A4ft","29206-318716-29353-6483689","0.583[nan]-0.239[nan]-0.099[nan]-0.079[nan]"
"342",2021574,"A","A4","None",1,9,"A4-A4a-A4bf","29206-40166-50495","0.673[nan]-0.312[nan]-0.016[nan]"
"343",2022139,"A","A4a","None",1,15,"A4a","40166","1.000[nan]"
"344",2021262,"A","A4","None",1,8,"A4a/A4-A4by","29206-40166-71557","0.493[nan]-0.375[nan]-0.132[nan]"
"345",2021274,"A","A3","Symbiodinium natans,Symbiodinium tridacnidorum",1,63,"A3-A3m","22385-363106","0.957[nan]-0.043[nan]"
"346",2021821,"A","A13","Symbiodinium necroappetens",1,16,"A13-A1py-A1px","8181-1913826-1913827","0.982[nan]-0.010[nan]-0.009[nan]"
"347",2022995,"B","B1/B5","Breviolum aenigmaticum,Breviolum dendrogyrum,Breviolum meandrinium,Breviolum minutum,Breviolum pseudominutum",11,18,"B1/B5-B14d-B1jp","4946/29665-693411-31037","0.480[0.240]/0.334[0.268]-0.115[0.060]-0.071[0.043]"
"348",2022940,"B","B17/B1","Breviolum aenigmaticum,Breviolum dendrogyrum,Breviolum meandrinium,Breviolum minutum,Breviolum pseudominutum,Breviolum aenigmaticum,Breviolum dendrogyrum,Breviolum meandrinium,Breviolum minutum,Breviolum pseudominutum",10,10,"B17/B1-B14d","62773/4946-693411","0.457[0.203]/0.437[0.222]-0.106[0.084]"
"349",2023136,"B","B17","None",6,7,"B17","62773","1.000[0.000]"
"350",2022942,"B","B5/B1","Breviolum aenigmaticum,Breviolum dendrogyrum,Breviolum meandrinium,Breviolum minutum,Breviolum pseudominutum",5,7,"B1/B5-B14d","29665/4946-693411","0.492[0.275]/0.407[0.284]-0.101[0.039]"
"351",2022908,"B","B14d/B1","Breviolum aenigmaticum,Breviolum dendrogyrum,Breviolum meandrinium,Breviolum minutum,Breviolum pseudominutum,Breviolum aenigmaticum,Breviolum dendrogyrum,Breviolum meandrinium,Breviolum minutum,Breviolum pseudominutum",5,50,"B1/B14d-B1jp-B1jn-B1jo-B1co-B1jq","693411/4946-31037-697953-2533813-6483635-30454","0.460[0.166]/0.261[0.185]-0.136[0.033]-0.059[0.010]-0.042[0.018]-0.023[0.008]-0.019[0.005]"
"352",2023050,"B","B5","None",4,49,"B5","29665","1.000[0.000]"
"353",2023123,"B","B1ib","None",4,10,"B1ib","1160377","1.000[0.000]"
"354",2022905,"B","B1","Breviolum aenigmaticum,Breviolum dendrogyrum,Breviolum meandrinium,Breviolum minutum,Breviolum pseudominutum",4,10,"B1-B14d-B1jp","4946-693411-31037","0.820[0.087]-0.120[0.082]-0.061[0.043]"
"355",2022933,"B","B1","Breviolum aenigmaticum,Breviolum dendrogyrum,Breviolum meandrinium,Breviolum minutum,Breviolum pseudominutum",3,8,"B1-B1jp-B1az-B1gz-B1jn","4946-31037-89135-697953-89610","0.655[0.007]-0.202[0.012]-0.067[0.012]-0.040[0.006]-0.036[0.005]"
"356",2022941,"B","B1/B5","Breviolum aenigmaticum,Breviolum dendrogyrum,Breviolum meandrinium,Breviolum minutum,Breviolum pseudominutum",3,6,"B1/B5-B1jy-B1jp-B5ci","4946/29665-698020-31037-43614","0.490[0.095]/0.247[0.155]-0.142[0.061]-0.081[0.026]-0.040[0.003]"
"357",2022805,"B","B1","Breviolum aenigmaticum,Breviolum dendrogyrum,Breviolum meandrinium,Breviolum minutum,Breviolum pseudominutum,Breviolum aenigmaticum,Breviolum dendrogyrum,Breviolum meandrinium,Breviolum minutum,Breviolum pseudominutum",3,13,"B1/B14d","4946-693411","0.933[0.047]-0.067[0.047]"
"358",2022361,"B","B1","Breviolum aenigmaticum,Breviolum dendrogyrum,Breviolum meandrinium,Breviolum minutum,Breviolum pseudominutum",3,57,"B1/B5","4946-29665","0.665[0.075]-0.335[0.075]"
"359",2022910,"B","B1","Breviolum aenigmaticum,Breviolum dendrogyrum,Breviolum meandrinium,Breviolum minutum,Breviolum pseudominutum",3,6,"B1-B14d-B1jp-B1jn","4946-693411-31037-697953","0.731[0.040]-0.129[0.032]-0.094[0.041]-0.046[0.009]"
"360",2022939,"B","B5","None",2,13,"B5-B5ay-B1io-B1in","29665-37591-37592-37590","0.745[0.049]-0.122[0.024]-0.083[0.015]-0.050[0.011]"
"361",2023032,"B","B1","Breviolum aenigmaticum,Breviolum dendrogyrum,Breviolum meandrinium,Breviolum minutum,Breviolum pseudominutum,Breviolum aenigmaticum,Breviolum dendrogyrum,Breviolum meandrinium,Breviolum minutum,Breviolum pseudominutum",2,52,"B1/B19","4946-37844","0.727[0.224]-0.273[0.224]"
"362",2023056,"B","B19","None",2,24,"B19","37844","1.000[0.000]"
"363",2023101,"B","B11","None",2,7,"B11","62770","1.000[0.000]"
"364",2022904,"B","B1","Breviolum aenigmaticum,Breviolum dendrogyrum,Breviolum meandrinium,Breviolum minutum,Breviolum pseudominutum,Breviolum aenigmaticum,Breviolum dendrogyrum,Breviolum meandrinium,Breviolum minutum,Breviolum pseudominutum",2,18,"B1/B14d-B1jp-B1jn-B1jo-B1jx-B1co","4946-693411-31037-697953-2533813-30454-6483639","0.421[0.204]-0.223[0.051]-0.157[0.046]-0.066[0.049]-0.054[0.033]-0.043[0.008]-0.037[0.017]"
"365",2022876,"B","B5","None",2,5,"B5-B5ci","29665-43614","0.690[0.034]-0.310[0.034]"
"366",2022906,"B","B1","Breviolum aenigmaticum,Breviolum dendrogyrum,Breviolum meandrinium,Breviolum minutum,Breviolum pseudominutum",2,2,"B1-B1jp-B14d-B1jn-B1jo-B1co","4946-31037-693411-697953-2533813-30454","0.555[0.074]-0.188[0.081]-0.132[0.013]-0.058[0.016]-0.043[0.016]-0.023[0.012]"
"367",2022416,"B","B1","Breviolum aenigmaticum,Breviolum dendrogyrum,Breviolum meandrinium,Breviolum minutum,Breviolum pseudominutum",1,6,"B1-B1as","4946-25829","0.740[nan]-0.260[nan]"
"368",2022928,"B","B1jy","None",1,9,"B1jy/B5-B5ci-B1ka","698020-29665-43614-38226","0.397[nan]-0.392[nan]-0.158[nan]-0.053[nan]"
"369",2022931,"B","B1","Breviolum aenigmaticum,Breviolum dendrogyrum,Breviolum meandrinium,Breviolum minutum,Breviolum pseudominutum",1,8,"B1-B1jp-B1az","4946-89135-31037","0.950[nan]-0.028[nan]-0.022[nan]"
"370",2022934,"B","B14d","Breviolum aenigmaticum,Breviolum dendrogyrum,Breviolum meandrinium,Breviolum minutum,Breviolum pseudominutum,Breviolum aenigmaticum,Breviolum dendrogyrum,Breviolum meandrinium,Breviolum minutum,Breviolum pseudominutum",1,13,"B1/B14d-B1be","693411-4946-29476","0.637[nan]-0.320[nan]-0.043[nan]"
"371",2022438,"B","B1","Breviolum aenigmaticum,Breviolum dendrogyrum,Breviolum meandrinium,Breviolum minutum,Breviolum pseudominutum",1,81,"B1-B1g-B1s-B1bz","4946-29275-51798-53344","0.815[nan]-0.095[nan]-0.056[nan]-0.033[nan]"
"372",2022979,"B","B14d","None",1,2,"B14d-B1-B1jp-B1co-B1jn","693411-4946-31037-30454-697953","0.623[nan]-0.192[nan]-0.131[nan]-0.028[nan]-0.025[nan]"
"373",2023039,"B","B8a","None",1,13,"B8a-B8h","29324-2161244","0.533[nan]-0.467[nan]"
"374",2023046,"B","B1","Breviolum aenigmaticum,Breviolum dendrogyrum,Breviolum meandrinium,Breviolum minutum,Breviolum pseudominutum",1,190,"B1","4946","1.000[nan]"
"375",2022539,"B","B1","Breviolum aenigmaticum,Breviolum dendrogyrum,Breviolum meandrinium,Breviolum minutum,Breviolum pseudominutum,Breviolum aenigmaticum,Breviolum dendrogyrum,Breviolum meandrinium,Breviolum minutum,Breviolum pseudominutum",1,9,"B19/B5/B1-B19j","4946-29665-37844-51610","0.380[nan]-0.296[nan]-0.274[nan]-0.051[nan]"
"376",2022555,"B","B19","None",1,31,"B19-B19ai-B19x-B19an","37844-1913913-44466-1913914","0.665[nan]-0.212[nan]-0.094[nan]-0.028[nan]"
"377",2022556,"B","B19","None",1,10,"B19-B19ai-B19x-B19ak","37844-1913913-44466-38312","0.507[nan]-0.268[nan]-0.155[nan]-0.070[nan]"
"378",2023069,"B","B2d","None",1,10,"B2d","45468","1.000[nan]"
"379",2022562,"B","B5","None",1,3,"B5/B1dx","29665-37929","0.995[nan]-0.005[nan]"
"380",2022597,"B","B1","Breviolum aenigmaticum,Breviolum dendrogyrum,Breviolum meandrinium,Breviolum minutum,Breviolum pseudominutum",1,4,"B1-B1e-B1cg","4946-29499-25424","0.861[nan]-0.090[nan]-0.048[nan]"
"381",2023109,"B","B8a","None",1,28,"B8a","29324","1.000[nan]"
"382",2022641,"B","B19","None",1,17,"B19-B19ai-B19ak-B19x-B19ay","37844-38312-44466-44077-1913913","0.746[nan]-0.109[nan]-0.066[nan]-0.050[nan]-0.029[nan]"
"383",2022784,"B","B1","Breviolum aenigmaticum,Breviolum dendrogyrum,Breviolum meandrinium,Breviolum minutum,Breviolum pseudominutum",1,3,"B1-B5dx","4946-30126","0.869[nan]-0.131[nan]"
"384",2022807,"B","B1","Breviolum aenigmaticum,Breviolum dendrogyrum,Breviolum meandrinium,Breviolum minutum,Breviolum pseudominutum",1,11,"B1-B1cg-B1as","4946-25424-25829","0.955[nan]-0.035[nan]-0.011[nan]"
"385",2022843,"B","B1","Breviolum aenigmaticum,Breviolum dendrogyrum,Breviolum meandrinium,Breviolum minutum,Breviolum pseudominutum",1,11,"B1-B1az","4946-89135","0.905[nan]-0.095[nan]"
"386",2022872,"B","B1","Breviolum aenigmaticum,Breviolum dendrogyrum,Breviolum meandrinium,Breviolum minutum,Breviolum pseudominutum",1,30,"B1-B1cu-B1cv-B10-B1do","4946-29481-1913645-59367-62769","0.749[nan]-0.078[nan]-0.067[nan]-0.057[nan]-0.050[nan]"
"387",2027122,"C","C1/C3","Cladocopium goreaui,Cladocopium latusorum,Cladocopium pacificum,Cladocopium proliferum,Cladocopium vulgare,Cladocopium madreporum,Cladocopium patulum,Cladocopium sodalum,Cladocopium thermophilum,Cladocopium madreporum,Cladocopium patulum,Cladocopium sodalum,Cladocopium thermophilum,Cladocopium madreporum,Cladocopium patulum,Cladocopium sodalum,Cladocopium thermophilum,Cladocopium madreporum,Cladocopium patulum,Cladocopium sodalum,Cladocopium thermophilum,Cladocopium madreporum,Cladocopium patulum,Cladocopium sodalum,Cladocopium thermophilum,Cladocopium madreporum,Cladocopium patulum,Cladocopium sodalum,Cladocopium thermophilum",39,200,"C1/C3-C3de-C3bb-C21ae-C1c-C3an-C21-C3s-C3dk","2/32-2554-308-38767-982-1354-41-38269-71161","0.346[0.177]/0.295[0.136]-0.078[0.040]-0.072[0.061]-0.051[0.031]-0.050[0.028]-0.036[0.026]-0.030[0.034]-0.024[0.012]-0.017[0.011]"
"388",2025821,"C","C1","Cladocopium goreaui,Cladocopium latusorum,Cladocopium pacificum,Cladocopium proliferum,Cladocopium vulgare,Cladocopium goreaui,Cladocopium latusorum,Cladocopium pacificum,Cladocopium proliferum,Cladocopium vulgare,Cladocopium madreporum,Cladocopium patulum,Cladocopium sodalum,Cladocopium thermophilum",14,409,"C1/C1c/C3-C1b-C72k","2-308-32-835-4","0.684[0.121]-0.128[0.033]-0.121[0.130]-0.036[0.029]-0.032[0.011]"
"389",2025409,"C","C3","Cladocopium madreporum,Cladocopium patulum,Cladocopium sodalum,Cladocopium thermophilum,Cladocopium madreporum,Cladocopium patulum,Cladocopium sodalum,Cladocopium thermophilum,Cladocopium madreporum,Cladocopium patulum,Cladocopium sodalum,Cladocopium thermophilum,Cladocopium madreporum,Cladocopium patulum,Cladocopium sodalum,Cladocopium thermophilum,Cladocopium madreporum,Cladocopium patulum,Cladocopium sodalum,Cladocopium thermophilum,Cladocopium madreporum,Cladocopium patulum,Cladocopium sodalum,Cladocopium thermophilum",9,151,"C3/C3bb-C3de-C21ae-C3s-C3an-C21-C3dk","32-2554-38767-982-38269-1354-71161-41","0.341[0.016]-0.188[0.012]-0.133[0.008]-0.118[0.005]-0.072[0.010]-0.066[0.007]-0.048[0.005]-0.034[0.007]"
"390",2027072,"C","C3","Cladocopium madreporum,Cladocopium patulum,Cladocopium sodalum,Cladocopium thermophilum,Cladocopium madreporum,Cladocopium patulum,Cladocopium sodalum,Cladocopium thermophilum,Cladocopium madreporum,Cladocopium patulum,Cladocopium sodalum,Cladocopium thermophilum,Cladocopium madreporum,Cladocopium patulum,Cladocopium sodalum,Cladocopium thermophilum,Cladocopium madreporum,Cladocopium patulum,Cladocopium sodalum,Cladocopium thermophilum,Cladocopium madreporum,Cladocopium patulum,Cladocopium sodalum,Cladocopium thermophilum,Cladocopium madreporum,Cladocopium patulum,Cladocopium sodalum,Cladocopium thermophilum",5,20,"C3-C3de-C3bb-C21ae-C3cd-C3an-C3s-C21-C3dk","32-2554-38767-982-38269-1354-71161-41-53704","0.347[0.028]-0.177[0.031]-0.120[0.022]-0.106[0.011]-0.062[0.015]-0.052[0.010]-0.047[0.005]-0.044[0.011]-0.044[0.043]"
"391",2027119,"C","C3","Cladocopium madreporum,Cladocopium patulum,Cladocopium sodalum,Cladocopium thermophilum,Cladocopium madreporum,Cladocopium patulum,Cladocopium sodalum,Cladocopium thermophilum,Cladocopium madreporum,Cladocopium patulum,Cladocopium sodalum,Cladocopium thermophilum",5,19,"C3-C6a-C3y-C23b-C3afp","32-4676-2414-22192-2402","0.798[0.024]-0.093[0.018]-0.052[0.013]-0.033[0.013]-0.024[0.009]"
"392",2027075,"C","C3/C1","Cladocopium goreaui,Cladocopium latusorum,Cladocopium pacificum,Cladocopium proliferum,Cladocopium vulgare,Cladocopium madreporum,Cladocopium patulum,Cladocopium sodalum,Cladocopium thermophilum,Cladocopium madreporum,Cladocopium patulum,Cladocopium sodalum,Cladocopium thermophilum,Cladocopium madreporum,Cladocopium patulum,Cladocopium sodalum,Cladocopium thermophilum,Cladocopium madreporum,Cladocopium patulum,Cladocopium sodalum,Cladocopium thermophilum,Cladocopium madreporum,Cladocopium patulum,Cladocopium sodalum,Cladocopium thermophilum,Cladocopium madreporum,Cladocopium patulum,Cladocopium sodalum,Cladocopium thermophilum",3,29,"C3/C3de/C1-C3bb-C21ae-C3an-C3s-C21-C3dk","32/2-2554-1354-982-38767-38269-41-71161","0.400[0.259]/0.335[0.442]-0.083[0.073]-0.053[0.058]-0.044[0.030]-0.040[0.028]-0.021[0.012]-0.014[0.008]-0.011[0.007]"
"393",2023373,"C","C3cd/C3","Cladocopium madreporum,Cladocopium patulum,Cladocopium sodalum,Cladocopium thermophilum,Cladocopium madreporum,Cladocopium patulum,Cladocopium sodalum,Cladocopium thermophilum,Cladocopium madreporum,Cladocopium patulum,Cladocopium sodalum,Cladocopium thermophilum,Cladocopium madreporum,Cladocopium patulum,Cladocopium sodalum,Cladocopium thermophilum,Cladocopium madreporum,Cladocopium patulum,Cladocopium sodalum,Cladocopium thermophilum,Cladocopium madreporum,Cladocopium patulum,Cladocopium sodalum,Cladocopium thermophilum,Cladocopium madreporum,Cladocopium patulum,Cladocopium sodalum,Cladocopium thermophilum",3,19,"C3/C3cd-C3dn-C3de-C3bb-C21ae-C3an-C3s","53704/32-71427-2554-38767-982-1354-38269","0.351[0.106]/0.271[0.065]-0.124[0.046]-0.095[0.030]-0.056[0.020]-0.043[0.018]-0.034[0.010]-0.027[0.012]"
"394",2029673,"C","C1","Cladocopium goreaui,Cladocopium latusorum,Cladocopium pacificum,Cladocopium proliferum,Cladocopium vulgare,Cladocopium goreaui,Cladocopium latusorum,Cladocopium pacificum,Cladocopium proliferum,Cladocopium vulgare",2,1199,"C1/C1c-C1b-C1al-C72k-C42.2","2-308-4-835-828-1","0.717[0.017]-0.194[0.032]-0.034[0.009]-0.025[0.003]-0.020[0.002]-0.010[0.006]"
"395",2024358,"C","C1","Cladocopium goreaui,Cladocopium latusorum,Cladocopium pacificum,Cladocopium proliferum,Cladocopium vulgare",2,2668,"C1-C1c-C1b-C42.2-C1bh-C72k-C1br-C1cb","2-308-4-835-1-831-848-832","0.708[0.027]-0.149[0.007]-0.057[0.010]-0.028[0.005]-0.025[0.005]-0.012[0.004]-0.012[0.003]-0.010[0.003]"
"396",2023374,"C","C21/C3","Cladocopium madreporum,Cladocopium patulum,Cladocopium sodalum,Cladocopium thermophilum,Cladocopium madreporum,Cladocopium patulum,Cladocopium sodalum,Cladocopium thermophilum,Cladocopium madreporum,Cladocopium patulum,Cladocopium sodalum,Cladocopium thermophilum,Cladocopium madreporum,Cladocopium patulum,Cladocopium sodalum,Cladocopium thermophilum,Cladocopium madreporum,Cladocopium patulum,Cladocopium sodalum,Cladocopium thermophilum",2,25,"C3an/C3/C21/C3bb-C21by-C3s-C3de","41/32-1354-982-71431-38269-2554","0.287[0.049]/0.262[0.022]-0.170[0.018]-0.136[0.005]-0.063[0.012]-0.062[0.007]-0.020[0.001]"
"397",2025507,"C","C3","Cladocopium goreaui,Cladocopium latusorum,Cladocopium pacificum,Cladocopium proliferum,Cladocopium vulgare,Cladocopium madreporum,Cladocopium patulum,Cladocopium sodalum,Cladocopium thermophilum",1,25,"C3/C1-C1c-C6a","32-2-4676-308","0.627[nan]-0.260[nan]-0.070[nan]-0.043[nan]"
"398",2027068,"C","C21","Cladocopium madreporum,Cladocopium patulum,Cladocopium sodalum,Cladocopium thermophilum,Cladocopium madreporum,Cladocopium patulum,Cladocopium sodalum,Cladocopium thermophilum,Cladocopium madreporum,Cladocopium patulum,Cladocopium sodalum,Cladocopium thermophilum,Cladocopium madreporum,Cladocopium patulum,Cladocopium sodalum,Cladocopium thermophilum",1,4,"C3an/C21-C3-C3bb-C21by-C3s","41-32-982-1354-71431-38269","0.288[nan]-0.235[nan]-0.180[nan]-0.165[nan]-0.067[nan]-0.065[nan]"
"399",2027073,"C","C1","Cladocopium goreaui,Cladocopium latusorum,Cladocopium pacificum,Cladocopium proliferum,Cladocopium vulgare,Cladocopium madreporum,Cladocopium patulum,Cladocopium sodalum,Cladocopium thermophilum,Cladocopium madreporum,Cladocopium patulum,Cladocopium sodalum,Cladocopium thermophilum,Cladocopium madreporum,Cladocopium patulum,Cladocopium sodalum,Cladocopium thermophilum,Cladocopium madreporum,Cladocopium patulum,Cladocopium sodalum,Cladocopium thermophilum,Cladocopium madreporum,Cladocopium patulum,Cladocopium sodalum,Cladocopium thermophilum,Cladocopium madreporum,Cladocopium patulum,Cladocopium sodalum,Cladocopium thermophilum",1,7,"C3/C1-C21ae-C3de-C1c-C3bb-C3s-C3dk-C3an","2-32-308-2554-982-38767-1354-71161-38269","0.543[nan]-0.172[nan]-0.114[nan]-0.041[nan]-0.039[nan]-0.032[nan]-0.024[nan]-0.019[nan]-0.015[nan]"
"400",2029661,"C","C1","Cladocopium goreaui,Cladocopium latusorum,Cladocopium pacificum,Cladocopium proliferum,Cladocopium vulgare,Cladocopium goreaui,Cladocopium latusorum,Cladocopium pacificum,Cladocopium proliferum,Cladocopium vulgare",1,491,"C1/C1c-C1b-C72k-C3ju-C42.2","2-308-835-4-834-1","0.779[nan]-0.127[nan]-0.038[nan]-0.034[nan]-0.015[nan]-0.006[nan]"
"401",2025600,"C","C3xs","None",1,44,"C1nw/C3xs","21974-8064","0.873[nan]-0.127[nan]"
"402",2025320,"C","C21","Cladocopium goreaui,Cladocopium latusorum,Cladocopium pacificum,Cladocopium proliferum,Cladocopium vulgare",1,284,"C21/C1","41-2","0.726[nan]-0.274[nan]"
"403",2023284,"C","C3","Cladocopium madreporum,Cladocopium patulum,Cladocopium sodalum,Cladocopium thermophilum,Cladocopium madreporum,Cladocopium patulum,Cladocopium sodalum,Cladocopium thermophilum",1,45,"C3-C1-C6a-C3y","32-2-4676-2414","0.725[nan]-0.114[nan]-0.101[nan]-0.060[nan]"
"404",2027404,"C","C3an","None",1,91,"C21/C3an","1354-41","0.860[nan]-0.140[nan]"
"405",2025877,"C","C3","Cladocopium madreporum,Cladocopium patulum,Cladocopium sodalum,Cladocopium thermophilum,Cladocopium madreporum,Cladocopium patulum,Cladocopium sodalum,Cladocopium thermophilum,Cladocopium madreporum,Cladocopium patulum,Cladocopium sodalum,Cladocopium thermophilum,Cladocopium madreporum,Cladocopium patulum,Cladocopium sodalum,Cladocopium thermophilum,Cladocopium madreporum,Cladocopium patulum,Cladocopium sodalum,Cladocopium thermophilum,Cladocopium madreporum,Cladocopium patulum,Cladocopium sodalum,Cladocopium thermophilum,Cladocopium madreporum,Cladocopium patulum,Cladocopium sodalum,Cladocopium thermophilum",1,8,"C3-C21-C3an-C3fc-C3bb-C3s-C3b-C3de","32-41-1354-982-38269-80-12353-2554","0.485[nan]-0.197[nan]-0.095[nan]-0.093[nan]-0.061[nan]-0.039[nan]-0.025[nan]-0.006[nan]"
"406",2023367,"C","C3","Cladocopium madreporum,Cladocopium patulum,Cladocopium sodalum,Cladocopium thermophilum,Cladocopium madreporum,Cladocopium patulum,Cladocopium sodalum,Cladocopium thermophilum,Cladocopium madreporum,Cladocopium patulum,Cladocopium sodalum,Cladocopium thermophilum,Cladocopium madreporum,Cladocopium patulum,Cladocopium sodalum,Cladocopium thermophilum,Cladocopium madreporum,Cladocopium patulum,Cladocopium sodalum,Cladocopium thermophilum,Cladocopium madreporum,Cladocopium patulum,Cladocopium sodalum,Cladocopium thermophilum,Cladocopium madreporum,Cladocopium patulum,Cladocopium sodalum,Cladocopium thermophilum,Cladocopium madreporum,Cladocopium patulum,Cladocopium sodalum,Cladocopium thermophilum",1,21,"C3/C3dm-C3de-C3bb-C3cd-C21ae-C3an-C3s-C3dk","32-2554-71399-982-38767-53704-1354-38269-71161","0.291[nan]-0.172[nan]-0.118[nan]-0.108[nan]-0.101[nan]-0.056[nan]-0.053[nan]-0.050[nan]-0.050[nan]"
"407",2026442,"C","C3","Cladocopium madreporum,Cladocopium patulum,Cladocopium sodalum,Cladocopium thermophilum,Cladocopium madreporum,Cladocopium patulum,Cladocopium sodalum,Cladocopium thermophilum,Cladocopium madreporum,Cladocopium patulum,Cladocopium sodalum,Cladocopium thermophilum,Cladocopium madreporum,Cladocopium patulum,Cladocopium sodalum,Cladocopium thermophilum,Cladocopium madreporum,Cladocopium patulum,Cladocopium sodalum,Cladocopium thermophilum,Cladocopium madreporum,Cladocopium patulum,Cladocopium sodalum,Cladocopium thermophilum",1,3,"C3-C3de-C1-C21ae-C3bb-C3an-C3dk-C3s","32-2-2554-38767-982-71161-1354-38269","0.496[nan]-0.262[nan]-0.063[nan]-0.052[nan]-0.035[nan]-0.035[nan]-0.030[nan]-0.028[nan]"
"408",2027480,"C","C7","None",1,34,"C7","3332","1.000[nan]"
"409",2026464,"C","C3","Cladocopium madreporum,Cladocopium patulum,Cladocopium sodalum,Cladocopium thermophilum,Cladocopium madreporum,Cladocopium patulum,Cladocopium sodalum,Cladocopium thermophilum,Cladocopium madreporum,Cladocopium patulum,Cladocopium sodalum,Cladocopium thermophilum,Cladocopium madreporum,Cladocopium patulum,Cladocopium sodalum,Cladocopium thermophilum",1,4,"C3-C1-C3de-C21ae-C3bb-C3s","32-2-2554-38767-982-38269","0.764[nan]-0.067[nan]-0.059[nan]-0.050[nan]-0.039[nan]-0.021[nan]"
"410",2026486,"C","C7","Cladocopium goreaui,Cladocopium latusorum,Cladocopium pacificum,Cladocopium proliferum,Cladocopium vulgare",1,59,"C7/C1","3332-2","0.949[nan]-0.051[nan]"
"411",2023928,"C","C1","Cladocopium goreaui,Cladocopium latusorum,Cladocopium pacificum,Cladocopium proliferum,Cladocopium vulgare",1,603,"C1-C1c-C1al-C1b-C72k","2-308-4-835-828","0.736[nan]-0.189[nan]-0.027[nan]-0.026[nan]-0.022[nan]"
"412",2027858,"D","D1","Durusdinium trenchii,Durusdinium glynnii,Durusdinium trenchii",7,1105,"D1/D4/D2-D4c-D1c","853-854-1730-2308-855","0.600[0.021]-0.225[0.023]-0.104[0.016]-0.045[0.010]-0.026[0.008]"
"413",2029769,"D","D1","Durusdinium trenchii,Durusdinium glynnii,Durusdinium trenchii",3,850,"D1/D2-D4-D4c-D1c-D17d-D17c-D1r-D17e","853-854-1730-2582-944-855-2308-2587-1759","0.562[0.013]-0.178[0.028]-0.067[0.015]-0.046[0.007]-0.035[0.004]-0.033[0.017]-0.031[0.018]-0.026[0.005]-0.021[0.002]"
"414",2028086,"D","D1","Durusdinium trenchii,Durusdinium glynnii,Durusdinium trenchii",1,124,"D1-D4-D4c-D2-D1c-D17d","853-854-2582-855-1730-2308","0.599[nan]-0.183[nan]-0.081[nan]-0.051[nan]-0.051[nan]-0.036[nan]"
"415",2028835,"D","D1","Durusdinium trenchii,Durusdinium glynnii,Durusdinium trenchii",1,163,"D1-D4-D4c-D2-D1c-D1fw","853-854-1730-855-2308-1776","0.620[nan]-0.215[nan]-0.080[nan]-0.041[nan]-0.038[nan]-0.006[nan]"
"416",2027844,"D","D1","Durusdinium trenchii,Durusdinium glynnii,Durusdinium trenchii",1,128,"D1/D4/D4c","853-854-1730","0.667[nan]-0.199[nan]-0.135[nan]"
"417",2027851,"D","D1","Durusdinium trenchii,Durusdinium glynnii,Durusdinium trenchii",1,77,"D1-D4-D4c-D1c","853-854-1730-2308","0.595[nan]-0.232[nan]-0.111[nan]-0.062[nan]"
